GeneSymbol_Mouse,GeneSymbol_Human,Source,Daneman_Filter
Abca1,ABCA1,Daneman,lung_only
Abca5,ABCA5,Daneman,liver_only
Abca9,ABCA9,Daneman,liver_and_lung
Abcb1a,ABCB1,Both,liver_only
Abcc4,ABCC4,Both,liver_only
Abcc6,ABCC6,Munji,NA
Abcc9,ABCC9,Daneman,liver_and_lung
Abcg1,ABCG1,Daneman,lung_only
Abcg2,ABCG2,Munji,NA
Abhd2,ABHD2,Munji,NA
Abl2,ABL2,Daneman,lung_only
Ablim1,ABLIM1,Both,liver_only
Acaa2,ACAA2,Daneman,lung_only
Acacb,ACACB,Munji,NA
Acadl,ACADL,Daneman,lung_only
Acat2,ACAT2,Munji,NA
Acbd5,ACBD5,Daneman,liver_only
Ace,ACE,Daneman,liver_only
Ace2,ACE2,Daneman,liver_and_lung
Acot2,ACOT2,Munji,NA
Acot7,ACOT7,Daneman,lung_only
Acsl3,ACSL3,Munji,NA
Acsl6,ACSL6,Daneman,liver_only
Actl6a,ACTL6A,Daneman,lung_only
Acvrl1,ACVRL1,Daneman,liver_only
Adamts4,ADAMTS4,Daneman,lung_only
Adamts9,ADAMTS9,Daneman,lung_only
Adamtsl2,ADAMTSL2,Daneman,lung_only
Adcy9,ADCY9,Both,liver_only
Adh1,ADH1C,Daneman,lung_only
Adipor1,ADIPOR1,Daneman,lung_only
Adipor2,ADIPOR2,Daneman,liver_only
Adk,ADK,Daneman,liver_only
Adm,ADM,Daneman,lung_only
Adrbk2,ADRBK2,Daneman,liver_and_lung
Agpat5,AGPAT5,Daneman,lung_only
Agr2,AGR2,Munji,NA
Agrn,AGRN,Munji,NA
Ahnak,AHNAK,Daneman,liver_only
Akr1b3,AKR1B1,Daneman,liver_and_lung
Alas1,ALAS1,Munji,NA
Alas2,ALAS2,Munji,NA
Aldh1a1,ALDH1A1,Daneman,liver_only
Aldh2,ALDH2,Daneman,liver_only
Aldh4a1,ALDH4A1,Munji,NA
Aldh5a1,ALDH5A1,Munji,NA
Aldh6a1,ALDH6A1,Daneman,liver_only
Alg6,ALG6,Munji,NA
Alox12,ALOX12,Daneman,liver_only
Als2cl,ALS2CL,Daneman,liver_only
Amd1,AMD1,Daneman,liver_only
Amot,AMOT,Both,liver_only
Ampd3,AMPD3,Daneman,liver_only
Angpt2,ANGPT2,Daneman,lung_only
Angptl4,ANGPTL4,Daneman,lung_only
Ankrd12,ANKRD12,Daneman,liver_only
Ankrd46,ANKRD46,Daneman,liver_only
Ankrd6,ANKRD6,Both,liver_only
Anks1,ANKS1A,Daneman,liver_only
Anln,ANLN,Daneman,lung_only
Antxr2,ANTXR2,Daneman,lung_only
Anxa6,ANXA6,Daneman,lung_only
Anxa9,ANXA9,Munji,NA
Aox1,AOX1,Daneman,liver_only
Ap1s1,AP1S1,Daneman,lung_only
Ap2s1,AP2S1,Daneman,lung_only
Ap3m1,AP3M1,Daneman,liver_only
Apcdd1,APCDD1,Both,lung_only
Apex1,APEX1,Daneman,lung_only
Aph1a,APH1A,Both,lung_only
Apln,APLN,Daneman,lung_only
Apod,APOD,Both,lung_only
App,APP,Daneman,liver_only
Aprt,APRT,Daneman,lung_only
Aqp11,AQP11,Both,liver_only
Arf4,ARF4,Daneman,lung_only
Arfgap3,ARFGAP3,Daneman,liver_only
Arhgap12,ARHGAP12,Daneman,liver_only
Arhgap18,ARHGAP18,Daneman,lung_only
Arhgap26,ARHGAP26,Daneman,liver_only
Arhgap6,ARHGAP6,Daneman,liver_only
Arhgef15,ARHGEF15,Daneman,liver_only
Arhgef3,ARHGEF3,Daneman,liver_only
Arhgef7,ARHGEF7,Daneman,lung_only
Arhgef9,ARHGEF9,Munji,NA
Arid4a,ARID4A,Daneman,liver_only
Arid5b,ARID5B,Daneman,liver_only
Arl4a,ARL4A,Munji,NA
Armcx2,ARMCX2,Daneman,lung_only
Arntl,ARNTL,Daneman,liver_only
Art3,ART3,Daneman,liver_and_lung
Asb13,ASB13,Daneman,liver_only
Ash1l,ASH1L,Daneman,liver_only
Aspn,ASPN,Daneman,liver_and_lung
Atf2,ATF2,Daneman,liver_only
Atf4,ATF4,Daneman,liver_only
Atf7ip,ATF7IP,Daneman,liver_only
Atp10a,ATP10A,Both,liver_only
Atp11a,ATP11A,Daneman,liver_only
Atp13a2,ATP13A2,Daneman,lung_only
Atp13a5,ATP13A5,Daneman,liver_and_lung
Atp1a2,ATP1A2,Daneman,liver_and_lung
Atp1b1,ATP1B1,Daneman,lung_only
Atp1b2,ATP1B2,Daneman,liver_and_lung
Atp2a3,ATP2A3,Daneman,liver_and_lung
Atp2c1,ATP2C1,Daneman,liver_only
Atp5a1,ATP5A1,Daneman,lung_only
Atp5d,ATP5D,Daneman,lung_only
Atp5f1,ATP5F1,Daneman,lung_only
Atp5g1,ATP5G1,Daneman,lung_only
Atp5g2,ATP5G2,Daneman,lung_only
Atp5o,ATP5O,Daneman,lung_only
Atp6v0d1,ATP6V0D1,Daneman,lung_only
Atp8a1,ATP8A1,Daneman,liver_only
Atp9a,ATP9A,Daneman,lung_only
Atpif1,ATPIF1,Daneman,lung_only
Axin2,AXIN2,Both,liver_only
B2m,B2M,Daneman,liver_only
B3gnt1,B3GNT1,Daneman,liver_only
B4galt4,B4GALT4,Munji,NA
Baiap2l1,BAIAP2L1,Munji,NA
Bambi,BAMBI,Daneman,lung_only
Banf1,BANF1,Daneman,lung_only
Basp1,BASP1,Daneman,lung_only
Baz1a,BAZ1A,Daneman,lung_only
Bche,BCHE,Both,liver_only
Bcl10,BCL10,Daneman,lung_only
Bcl2l1,BCL2L1,Daneman,liver_only
Bcl6,BCL6,Daneman,liver_only
Bcl6b,BCL6B,Daneman,lung_only
Bcr,BCR,Daneman,lung_only
Bend5,BEND5,Munji,NA
Bgn,BGN,Daneman,liver_and_lung
Bin1,BIN1,Daneman,lung_only
Bmp1,BMP1,Daneman,lung_only
Bmp2,BMP2,Daneman,lung_only
Bmp2k,BMP2K,Daneman,lung_only
Bmpr1a,BMPR1A,Daneman,liver_and_lung
Bmpr2,BMPR2,Daneman,liver_only
Bnip1,BNIP1,Munji,NA
Bnip3,BNIP3,Daneman,liver_only
Bop1,BOP1,Daneman,lung_only
Bpgm,BPGM,Daneman,lung_only
Bsg,BSG,Munji,NA
Bspry,BSPRY,Munji,NA
Btbd11,BTBD11,Daneman,lung_only
Btf3,BTF3,Daneman,lung_only
Btf3l4,BTF3L4,Daneman,lung_only
Btg2,BTG2,Daneman,liver_only
Bzw1,BZW1,Daneman,lung_only
8430408G22Rik,C10ORF10,Daneman,liver_only
2700094K13Rik,C11ORF31,Daneman,lung_only
AI462493,C11ORF83,Daneman,lung_only
Grcc10,C12ORF57,Daneman,lung_only
2010107E04Rik,C14ORF2,Daneman,lung_only
BC030336,C16ORF52,Daneman,liver_only
AI467606,C16ORF54,Daneman,liver_and_lung
AU021092,C16ORF89,Daneman,lung_only
0610010K14Rik,C17ORF49,Daneman,lung_only
2410015M20Rik,C19ORF70,Daneman,lung_only
C130074G19Rik,C1ORF115,Munji,NA
2810004N23Rik,C1ORF131,Munji,NA
2310022B05Rik,C1ORF198,Munji,NA
Gm694,C1ORF64,Munji,NA
A130010J15Rik,C1ORF74,Munji,NA
C1qbp,C1QBP,Daneman,lung_only
3010026O09Rik,C5ORF45,Daneman,liver_only
3110082I17Rik,C7ORF50,Daneman,lung_only
1810011O10Rik,C8ORF4,Daneman,liver_only
Car2,CA2,Daneman,lung_only
Cab39l,CAB39L,Daneman,liver_only
Cables1,CABLES1,Daneman,liver_only
Cabyr,CABYR,Munji,NA
Cachd1,CACHD1,Both,lung_only
Capn2,CAPN2,Daneman,liver_only
Capzb,CAPZB,Daneman,lung_only
Card10,CARD10,Daneman,liver_only
Caskin2,CASKIN2,Daneman,liver_only
Casp3,CASP3,Daneman,lung_only
Casp6,CASP6,Daneman,lung_only
Casp7,CASP7,Daneman,lung_only
Casp8,CASP8,Daneman,lung_only
Casp8ap2,CASP8AP2,Daneman,liver_only
Casq2,CASQ2,Daneman,liver_and_lung
Cast,CAST,Daneman,liver_only
Cat,CAT,Daneman,lung_only
Cav2,CAV2,Daneman,liver_only
Cbr3,CBR3,Daneman,liver_only
Ccdc106,CCDC106,Munji,NA
Ccdc141,CCDC141,Munji,NA
Ccdc23,CCDC23,Daneman,lung_only
Ccdc28a,CCDC28A,Daneman,liver_only
Ccdc28b,CCDC28B,Daneman,lung_only
Ccdc61,CCDC61,Munji,NA
Ccdc85c,CCDC85C,Munji,NA
Ccdc92,CCDC92,Munji,NA
Ccnd1,CCND1,Daneman,lung_only
Ccnd2,CCND2,Daneman,lung_only
Ccng2,CCNG2,Munji,NA
Cct2,CCT2,Daneman,lung_only
Cd1d1,CD1D,Daneman,lung_only
Cd200,CD200,Daneman,liver_only
Cd248,CD248,Daneman,liver_and_lung
Cd2ap,CD2AP,Daneman,liver_only
Cd302,CD302,Daneman,liver_and_lung
Cd320,CD320,Both,lung_only
Cd38,CD38,Daneman,lung_only
Cd3eap,CD3EAP,Munji,NA
Cd40,CD40,Daneman,lung_only
Cd47,CD47,Daneman,liver_only
Cd82,CD82,Daneman,lung_only
Cdc14a,CDC14A,Daneman,liver_only
Cdc20,CDC20,Daneman,lung_only
Cdc23,CDC23,Daneman,liver_and_lung
Cdc37l1,CDC37L1,Daneman,liver_only
Cdc42ep3,CDC42EP3,Munji,NA
Cdc42se1,CDC42SE1,Munji,NA
Cdca4,CDCA4,Daneman,lung_only
Cdca8,CDCA8,Daneman,lung_only
Cdh11,CDH11,Daneman,liver_and_lung
Cdh2,CDH2,Both,lung_only
Cdipt,CDIPT,Daneman,lung_only
Cdk4,CDK4,Daneman,lung_only
Cdk5rap3,CDK5RAP3,Daneman,lung_only
Cdr2,CDR2,Daneman,lung_only
Cds2,CDS2,Daneman,liver_only
Cdv3,CDV3,Daneman,lung_only
Ceacam2,CEACAM1,Both,liver_only
Cebpg,CEBPG,Daneman,liver_only
Cenpa,CENPA,Daneman,lung_only
Cep164,CEP164,Munji,NA
Cep97,CEP97,Munji,NA
Cept1,CEPT1,Daneman,liver_only
Cerk,CERK,Daneman,lung_only
Cfh,CFH,Daneman,liver_only
Cflar,CFLAR,Daneman,liver_only
Cggbp1,CGGBP1,Daneman,lung_only
Ch25h,CH25H,Daneman,liver_only
Chd6,CHD6,Daneman,liver_only
Chmp6,CHMP6,Daneman,lung_only
Chn2,CHN2,Daneman,liver_only
Chst1,CHST1,Daneman,lung_only
Chst7,CHST7,Daneman,lung_only
Ckap4,CKAP4,Daneman,lung_only
Cklf,CKLF,Daneman,lung_only
Cks1b,CKS1B,Daneman,lung_only
Cks2,CKS2,Daneman,lung_only
Clcc1,CLCC1,Daneman,liver_only
Cldn6,CLDN6,Munji,NA
Clec14a,CLEC14A,Daneman,lung_only
Clec1a,CLEC1A,Daneman,lung_only
Clic4,CLIC4,Daneman,liver_only
Clic5,CLIC5,Daneman,liver_only
Clock,CLOCK,Daneman,liver_only
Clstn1,CLSTN1,Daneman,liver_only
Clta,CLTA,Daneman,lung_only
Cnih4,CNIH4,Daneman,liver_only
Cnn3,CNN3,Daneman,lung_only
Cnnm2,CNNM2,Munji,NA
Cnot6l,CNOT6L,Munji,NA
Cnot8,CNOT8,Daneman,lung_only
Cnr2,CNR2,Daneman,lung_only
Cntrob,CNTROB,Munji,NA
Cobll1,COBLL1,Munji,NA
Col14a1,COL14A1,Daneman,liver_only
Col18a1,COL18A1,Daneman,lung_only
Col1a2,COL1A2,Daneman,liver_and_lung
Col3a1,COL3A1,Daneman,liver_and_lung
Col4a2,COL4A2,Daneman,lung_only
Col4a3bp,COL4A3BP,Both,liver_only
Col5a2,COL5A2,Daneman,liver_and_lung
Gm684,COLCA2,Munji,NA
Commd3,COMMD3,Daneman,lung_only
Commd4,COMMD4,Daneman,lung_only
Commd8,COMMD8,Daneman,lung_only
Cops4,COPS4,Daneman,lung_only
Cops5,COPS5,Daneman,lung_only
Cops6,COPS6,Daneman,lung_only
Copz2,COPZ2,Daneman,liver_only
Coq7,COQ7,Daneman,lung_only
Coro1a,CORO1A,Daneman,lung_only
Coro1c,CORO1C,Daneman,lung_only
Cotl1,COTL1,Daneman,lung_only
Cp,CP,Daneman,liver_only
Cpd,CPD,Daneman,liver_only
Cpe,CPE,Daneman,lung_only
Cpm,CPM,Daneman,liver_and_lung
Crem,CREM,Daneman,lung_only
Crim1,CRIM1,Daneman,liver_only
Crip1,CRIP1,Daneman,liver_only
Crispld1,CRISPLD1,Daneman,liver_only
Crispld2,CRISPLD2,Daneman,liver_and_lung
Crk,CRK,Daneman,lung_only
Crmp1,CRMP1,Daneman,lung_only
Csf1,CSF1,Daneman,lung_only
Csnk1a1,CSNK1A1,Daneman,liver_only
Csnk1d,CSNK1D,Daneman,lung_only
Csnk1g2,CSNK1G2,Daneman,lung_only
Csnk2b,CSNK2B,Daneman,lung_only
Cspg4,CSPG4,Daneman,liver_and_lung
Csrp1,CSRP1,Daneman,lung_only
Csrp2,CSRP2,Daneman,lung_only
Cstf2t,CSTF2T,Daneman,liver_only
Ctdspl,CTDSPL,Daneman,liver_and_lung
Ctgf,CTGF,Daneman,liver_only
Ctnnbl1,CTNNBL1,Daneman,lung_only
Ctnnd2,CTNND2,Daneman,liver_only
Ctsk,CTSK,Daneman,lung_only
Ctsw,CTSW,Daneman,lung_only
Cuedc1,CUEDC1,Daneman,liver_only
Cwf19l2,CWF19L2,Daneman,liver_only
Cx3cl1,CX3CL1,Daneman,liver_only
Cxcl12,CXCL12,Both,liver_only
Cxcl1,CXCL2,Daneman,lung_only
Cxcl2,CXCL3,Daneman,lung_only
Cxcr4,CXCR4,Daneman,lung_only
Cxxc5,CXXC5,Daneman,lung_only
Cyb561,CYB561,Daneman,liver_only
Cyba,CYBA,Daneman,lung_only
Cyp26b1,CYP26B1,Daneman,liver_only
Cyp4v3,CYP4V2,Daneman,liver_only
Cyr61,CYR61,Both,liver_only
Daam1,DAAM1,Daneman,liver_and_lung
Daam2,DAAM2,Daneman,liver_and_lung
Dab2,DAB2,Daneman,lung_only
Dab2ip,DAB2IP,Daneman,liver_only
Dad1,DAD1,Daneman,lung_only
Dagla,DAGLA,Munji,NA
Dars,DARS,Daneman,lung_only
Dbp,DBP,Daneman,liver_only
Dcbld1,DCBLD1,Daneman,lung_only
Dcbld2,DCBLD2,Daneman,liver_only
Dck,DCK,Daneman,lung_only
Dcun1d3,DCUN1D3,Both,liver_only
Ddah2,DDAH2,Daneman,lung_only
Ddc,DDC,Both,liver_only
Ddi1,DDI1,Munji,NA
Ddx1,DDX1,Daneman,lung_only
Ddx19a,DDX19A,Daneman,lung_only
Ddx39,DDX39A,Daneman,lung_only
Def6,DEF6,Munji,NA
Degs1,DEGS1,Daneman,lung_only
Degs2,DEGS2,Both,liver_only
Dennd2a,DENND2A,Daneman,liver_and_lung
Dera,DERA,Daneman,lung_only
Dhcr7,DHCR7,Munji,NA
Diap1,DIAPH1,Daneman,liver_only
Dixdc1,DIXDC1,Both,liver_only
Dll1,DLL1,Daneman,liver_only
Dll4,DLL4,Daneman,lung_only
Dmd,DMD,Daneman,liver_and_lung
Dmxl2,DMXL2,Daneman,liver_only
Dnaja4,DNAJA4,Daneman,liver_only
Dnajb1,DNAJB1,Daneman,liver_only
Dnajc14,DNAJC14,Munji,NA
Dnmt3b,DNMT3B,Daneman,lung_only
Dock10,DOCK10,Daneman,liver_and_lung
Dock11,DOCK11,Daneman,lung_only
Dok4,DOK4,Daneman,lung_only
Dsp,DSP,Daneman,liver_only
Dusp2,DUSP2,Daneman,lung_only
Dusp4,DUSP4,Daneman,lung_only
Dusp6,DUSP6,Munji,NA
Dut,DUT,Daneman,lung_only
Dvl1,DVL1,Daneman,liver_only
Dvl3,DVL3,Munji,NA
Dyrk2,DYRK2,Daneman,lung_only
Dysf,DYSF,Daneman,lung_only
Ebf1,EBF1,Daneman,liver_only
Edn1,EDN1,Daneman,liver_only
Edn3,EDN3,Munji,NA
Ednra,EDNRA,Daneman,liver_and_lung
Eef2,EEF2,Daneman,lung_only
Efhc2,EFHC2,Munji,NA
Efhd2,EFHD2,Daneman,liver_and_lung
Efnb1,EFNB1,Daneman,liver_only
Efr3b,EFR3B,Munji,NA
Eftud2,EFTUD2,Munji,NA
Egfl8,EGFL8,Daneman,lung_only
Egr3,EGR3,Munji,NA
Eif2b2,EIF2B2,Daneman,lung_only
Eif2s2,EIF2S2,Daneman,lung_only
Eif4a1,EIF4A1,Daneman,lung_only
Eif4e2,EIF4E2,Daneman,lung_only
Eif5,EIF5,Daneman,liver_only
Eif5a,EIF5A,Daneman,lung_only
Elavl1,ELAVL1,Daneman,liver_and_lung
Elovl6,ELOVL6,Daneman,lung_only
Elovl7,ELOVL7,Both,liver_only
Eltd1,ELTD1,Daneman,liver_only
Eml2,EML2,Munji,NA
Emp2,EMP2,Daneman,liver_only
Enc1,ENC1,Munji,NA
Enpep,ENPEP,Daneman,liver_and_lung
Enpp4,ENPP4,Daneman,liver_only
Eny2,ENY2,Daneman,lung_only
Epb4.1l2,EPB41L2,Daneman,liver_and_lung
Epc1,EPC1,Daneman,liver_only
Epc2,EPC2,Daneman,liver_only
Epha4,EPHA4,Daneman,liver_only
Ephx1,EPHX1,Daneman,liver_only
Eps8,EPS8,Daneman,liver_and_lung
Eps8l2,EPS8L2,Daneman,liver_only
Erg,ERG,Munji,NA
Erh,ERH,Daneman,lung_only
Ern1,ERN1,Daneman,liver_only
Ero1lb,ERO1LB,Daneman,liver_only
Erp29,ERP29,Daneman,lung_only
Esco1,ESCO1,Daneman,liver_only
Esm1,ESM1,Daneman,lung_only
Esyt2,ESYT2,Munji,NA
Etf1,ETF1,Daneman,lung_only
Etv1,ETV1,Daneman,liver_and_lung
Evl,EVL,Daneman,lung_only
Evpl,EVPL,Munji,NA
Exoc8,EXOC8,Daneman,liver_and_lung
Ext1,EXT1,Daneman,lung_only
Extl3,EXTL3,Munji,NA
Ezh1,EZH1,Daneman,liver_only
Ezh2,EZH2,Daneman,lung_only
F2r,F2R,Daneman,lung_only
F5,F5,Munji,NA
Fabp5,FABP5,Daneman,lung_only
Fabp7,FABP7,Daneman,lung_only
Fads1,FADS1,Daneman,lung_only
Fads2,FADS2,Daneman,lung_only
Fads3,FADS3,Daneman,liver_and_lung
Faim,FAIM,Munji,NA
Grrp1,FAM110D,Daneman,liver_only
Fam118a,FAM118A,Munji,NA
Fam129b,FAM129B,Munji,NA
Fam134c,FAM134C,Munji,NA
Fam13c,FAM13C,Munji,NA
Fam63a,FAM63A,Munji,NA
Fam71a,FAM71A,Munji,NA
Far2,FAR2,Munji,NA
Farp2,FARP2,Munji,NA
Fars2,FARS2,Daneman,lung_only
Fbln1,FBLN1,Daneman,lung_only
Fbln5,FBLN5,Daneman,lung_only
Fbxl18,FBXL18,Munji,NA
Fbxo22,FBXO22,Daneman,liver_only
Fbxo7,FBXO7,Daneman,liver_only
Fcho2,FCHO2,Daneman,liver_only
Fdft1,FDFT1,Daneman,lung_only
Fgf13,FGF13,Munji,NA
Fgfr3,FGFR3,Daneman,liver_only
Fhl1,FHL1,Daneman,liver_only
Filip1,FILIP1,Daneman,liver_only
Fkbp10,FKBP10,Daneman,lung_only
Fkbp1a,FKBP1A,Daneman,lung_only
Flna,FLNA,Daneman,liver_and_lung
Flt1,FLT1,Both,liver_only
Flt3l,FLT3LG,Munji,NA
Mfsd7c,FLVCR2,Munji,NA
Fmo1,FMO1,Daneman,liver_only
Fmo2,FMO2,Daneman,liver_only
Fndc3a,FNDC3A,Daneman,liver_only
Fndc4,FNDC4,Munji,NA
Fosb,FOSB,Munji,NA
Foxc1,FOXC1,Munji,NA
Foxf2,FOXF2,Munji,NA
Foxl2,FOXL2,Munji,NA
Foxn2,FOXN2,Daneman,liver_only
Foxo1,FOXO1,Daneman,liver_only
Foxo3,FOXO3,Munji,NA
Foxq1,FOXQ1,Munji,NA
Fpgt,FPGT,Daneman,liver_only
Frem2,FREM2,Munji,NA
Frmd4b,FRMD4B,Munji,NA
Frmd5,FRMD5,Munji,NA
Frmd6,FRMD6,Daneman,lung_only
Fry,FRY,Munji,NA
Fscn1,FSCN1,Daneman,lung_only
Fstl1,FSTL1,Daneman,liver_and_lung
Fuca1,FUCA1,Daneman,lung_only
Fuca2,FUCA2,Munji,NA
Fut8,FUT8,Munji,NA
Fxyd5,FXYD5,Daneman,liver_only
Fyco1,FYCO1,Both,liver_only
Fyn,FYN,Daneman,lung_only
Fzd4,FZD4,Daneman,liver_only
Fzd6,FZD6,Munji,NA
Gab1,GAB1,Munji,NA
Gabarapl1,GABARAPL1,Daneman,lung_only
Gadd45g,GADD45G,Daneman,liver_only
Galt,GALT,Daneman,lung_only
Gart,GART,Daneman,lung_only
Gas2l3,GAS2L3,Daneman,lung_only
Gas6,GAS6,Daneman,liver_only
Gata2,GATA2,Daneman,liver_only
Gbe1,GBE1,Munji,NA
Gbp2,GBP2,Daneman,liver_only
Gbp4,GBP6,Daneman,liver_only
Gch1,GCH1,Daneman,liver_only
Gcnt2,GCNT2,Daneman,liver_only
Gdi2,GDI2,Daneman,lung_only
Gdpd1,GDPD1,Daneman,lung_only
Gdpd3,GDPD3,Daneman,liver_only
Gdpd5,GDPD5,Daneman,lung_only
Gem,GEM,Daneman,lung_only
Gga2,GGA2,Daneman,lung_only
Gimap4,GIMAP4,Daneman,lung_only
Gimap8,GIMAP8,Daneman,liver_only
Gja1,GJA1,Daneman,lung_only
Gjb2,GJB2,Munji,NA
Glb1,GLB1,Both,lung_only
Glcci1,GLCCI1,Both,liver_only
Glrx2,GLRX2,Daneman,lung_only
Gls,GLS,Daneman,liver_only
Glt8d1,GLT8D1,Daneman,liver_only
Gltscr2,GLTSCR2,Daneman,lung_only
Glul,GLUL,Munji,NA
Gmfg,GMFG,Daneman,lung_only
Gmpr,GMPR,Daneman,lung_only
Gmps,GMPS,Daneman,lung_only
Gna12,GNA12,Daneman,lung_only
Gna13,GNA13,Daneman,lung_only
Gnai1,GNAI1,Daneman,lung_only
Gnb1,GNB1,Daneman,liver_and_lung
Gng12,GNG12,Daneman,lung_only
Gng7,GNG7,Munji,NA
Golga4,GOLGA4,Daneman,liver_only
Gorasp2,GORASP2,Daneman,lung_only
Gpam,GPAM,Daneman,lung_only
Gpcpd1,GPCPD1,Munji,NA
Gpd2,GPD2,Both,liver_only
Gpi1,GPI,Daneman,lung_only
Gpm6b,GPM6B,Daneman,lung_only
Gpr146,GPR146,Daneman,liver_only
Gpr155,GPR155,Daneman,liver_only
Gpr160,GPR160,Both,liver_only
Gpr4,GPR4,Munji,NA
Gpr56,GPR56,Daneman,liver_only
Gpr85,GPR85,Munji,NA
Gpr97,GPR97,Daneman,lung_only
Gprasp1,GPRASP1,Daneman,liver_only
Grasp,GRASP,Daneman,liver_only
Grb14,GRB14,Daneman,liver_only
Grb7,GRB7,Munji,NA
Grm3,GRM3,Daneman,liver_and_lung
Grp,GRP,Daneman,lung_only
Grtp1,GRTP1,Daneman,liver_and_lung
Gse1,GSE1,Munji,NA
Gsr,GSR,Daneman,liver_and_lung
Gstm7,GSTM2,Munji,NA
Gstm5,GSTM3,Daneman,lung_only
Gstm1,GSTM5,Daneman,liver_only
Gsto1,GSTO1,Daneman,lung_only
Gtf2e2,GTF2E2,Daneman,lung_only
Gtf2h5,GTF2H5,Daneman,lung_only
Gucy1a3,GUCY1A3,Daneman,liver_and_lung
Gucy1b3,GUCY1B3,Daneman,liver_and_lung
Gusb,GUSB,Daneman,lung_only
H2afv,H2AFV,Daneman,liver_only
H2afx,H2AFX,Daneman,lung_only
H2afz,H2AFZ,Daneman,lung_only
H3f3b,H3F3A,Daneman,liver_only
H3f3b,H3F3B,Daneman,liver_only
Hadhb,HADHB,Daneman,lung_only
Hba-a1,HBA1,Munji,NA
Hba-a1,HBA2,Munji,NA
Hcn2,HCN2,Munji,NA
Hdgfrp3,HDGFRP3,Daneman,liver_only
Hdlbp,HDLBP,Daneman,lung_only
Heca,HECA,Daneman,liver_only
Hells,HELLS,Munji,NA
Heph,HEPH,Daneman,lung_only
Hexim1,HEXIM1,Daneman,liver_only
Hiat1,HIAT1,Munji,NA
Higd1a,HIGD1A,Daneman,liver_only
Higd1b,HIGD1B,Daneman,liver_and_lung
Hinfp,HINFP,Munji,NA
Hip1r,HIP1R,Daneman,liver_only
Hist1h1c,HIST1H1C,Daneman,liver_only
Hist1h2bc,HIST1H2BI,Daneman,liver_only
Hist2h2be,HIST1H2BJ,Both,liver_only
H2-T23,HLA-E,Daneman,liver_only
Hlf,HLF,Daneman,liver_only
Hmgcs2,HMGCS2,Munji,NA
Hn1,HN1,Daneman,lung_only
Hs1bp3,HS1BP3,Daneman,liver_only
Hs3st1,HS3ST1,Daneman,liver_only
Hsbp1,HSBP1,Daneman,lung_only
Hspa1a,HSPA1A,Daneman,liver_only
Hspa1a,HSPA1B,Daneman,liver_only
Hspb1,HSPB1,Daneman,liver_only
Hspb8,HSPB8,Daneman,liver_only
Htatip2,HTATIP2,Daneman,liver_only
Htra3,HTRA3,Both,lung_only
Id1,ID1,Daneman,liver_only
Id2,ID2,Daneman,liver_only
Id3,ID3,Daneman,liver_only
Ier5,IER5,Daneman,liver_and_lung
Ifi30,IFI30,Daneman,liver_and_lung
Ifi35,IFI35,Daneman,liver_only
Ifih1,IFIH1,Daneman,liver_only
Ifit1,IFIT1B,Daneman,liver_only
Ifit3,IFIT3,Daneman,liver_only
Ifnar1,IFNAR1,Munji,NA
Ift81,IFT81,Munji,NA
Igf1r,IGF1R,Both,liver_and_lung
Igf2,IGF2,Daneman,liver_and_lung
Igfbp2,IGFBP2,Daneman,lung_only
Igfbp4,IGFBP4,Daneman,lung_only
Igsf5,IGSF5,Munji,NA
Il10rb,IL10RB,Daneman,liver_only
Il13ra1,IL13RA1,Daneman,liver_and_lung
Il17rd,IL17RD,Munji,NA
Il18,IL18,Daneman,liver_only
Il27ra,IL27RA,Daneman,lung_only
Il2rg,IL2RG,Daneman,lung_only
Il6ra,IL6R,Munji,NA
Ildr2,ILDR2,Munji,NA
Impact,IMPACT,Daneman,liver_only
Impad1,IMPAD1,Daneman,lung_only
Impdh2,IMPDH2,Daneman,lung_only
Incenp,INCENP,Daneman,lung_only
Ing5,ING5,Daneman,liver_only
Inhbb,INHBB,Daneman,lung_only
Inpp5f,INPP5F,Both,liver_only
Insig2,INSIG2,Daneman,liver_only
Insr,INSR,Munji,NA
Ints9,INTS9,Munji,NA
Ipo9,IPO9,Daneman,lung_only
Iqgap2,IQGAP2,Daneman,lung_only
Irf7,IRF7,Daneman,liver_only
Irs1,IRS1,Daneman,liver_and_lung
Ism1,ISM1,Munji,NA
Isyna1,ISYNA1,Munji,NA
Itga4,ITGA4,Munji,NA
Itga6,ITGA6,Both,liver_only
Itga8,ITGA8,Daneman,liver_and_lung
Itgb1,ITGB1,Daneman,lung_only
Itgb5,ITGB5,Daneman,liver_and_lung
Itih5,ITIH5,Both,liver_only
Itm2a,ITM2A,Munji,NA
Itpr3,ITPR3,Daneman,liver_only
Itsn1,ITSN1,Daneman,liver_only
Ivns1abp,IVNS1ABP,Daneman,liver_only
Jam2,JAM2,Daneman,liver_only
Jam3,JAM3,Daneman,liver_and_lung
Jmy,JMY,Munji,NA
Jun,JUN,Daneman,liver_only
Junb,JUNB,Munji,NA
Jund,JUND,Munji,NA
Kbtbd11,KBTBD11,Munji,NA
Kbtbd7,KBTBD7,Daneman,liver_only
Kcnd3,KCND3,Munji,NA
Kcne4,KCNE4,Daneman,liver_and_lung
Kcnj2,KCNJ2,Munji,NA
Kcnj8,KCNJ8,Daneman,liver_and_lung
Kcnk6,KCNK6,Daneman,liver_only
Kcnq1,KCNQ1,Daneman,lung_only
Kcp,KCP,Munji,NA
Kctd12,KCTD12,Daneman,liver_only
Kctd17,KCTD17,Daneman,lung_only
Kdelr2,KDELR2,Daneman,lung_only
Kdm5b,KDM5B,Munji,NA
4930523C07Rik,KIAA0040,Daneman,liver_only
2810417H13Rik,KIAA0101,Daneman,lung_only
4933426M11Rik,KIAA0247,Daneman,liver_only
2810403A07Rik,KIAA0907,Daneman,liver_only
D930015E06Rik,KIAA0922,Daneman,lung_only
9430020K01Rik,KIAA1462,Both,liver_only
2810474O19Rik,KIAA1551,Daneman,liver_only
Kif16b,KIF16B,Daneman,liver_only
Kif1c,KIF1C,Munji,NA
Kif23,KIF23,Munji,NA
Kif26a,KIF26A,Munji,NA
Kif3b,KIF3B,Munji,NA
Kifc3,KIFC3,Daneman,liver_only
Kit,KIT,Daneman,lung_only
Kitl,KITLG,Daneman,liver_only
Klf11,KLF11,Munji,NA
Klf12,KLF12,Both,liver_only
Klf13,KLF13,Munji,NA
Klf4,KLF4,Daneman,liver_only
Klf7,KLF7,Daneman,liver_only
Klf9,KLF9,Daneman,liver_only
Klhdc3,KLHDC3,Daneman,lung_only
Klhl2,KLHL2,Daneman,liver_only
Klhl5,KLHL5,Daneman,liver_only
Kpna2,KPNA2,Daneman,lung_only
Kpnb1,KPNB1,Daneman,lung_only
Krt222,KRT222,Munji,NA
Lactb,LACTB,Munji,NA
Lama2,LAMA2,Daneman,liver_and_lung
Lama4,LAMA4,Daneman,lung_only
Lama5,LAMA5,Daneman,liver_only
Lamc3,LAMC3,Munji,NA
Lancl3,LANCL3,Daneman,liver_only
Laptm4b,LAPTM4B,Daneman,lung_only
Laptm5,LAPTM5,Daneman,lung_only
Lasp1,LASP1,Daneman,liver_only
Lats2,LATS2,Daneman,liver_only
Layn,LAYN,Munji,NA
Lcp1,LCP1,Daneman,lung_only
Ldb2,LDB2,Daneman,lung_only
Ldlrad3,LDLRAD3,Munji,NA
Lef1,LEF1,Munji,NA
Leprotl1,LEPROTL1,Daneman,lung_only
Lgals1,LGALS1,Daneman,liver_and_lung
Lgals3bp,LGALS3BP,Daneman,liver_only
Lgals7,LGALS7,Daneman,liver_and_lung
Lgals7,LGALS7B,Daneman,liver_and_lung
Lgmn,LGMN,Daneman,lung_only
Lgr4,LGR4,Munji,NA
Lhfp,LHFP,Daneman,liver_and_lung
Lifr,LIFR,Daneman,liver_only
Lims2,LIMS2,Daneman,liver_only
Lin7a,LIN7A,Daneman,liver_and_lung
Litaf,LITAF,Daneman,lung_only
Lmbr1,LMBR1,Daneman,lung_only
Lmcd1,LMCD1,Daneman,liver_only
Lmo7,LMO7,Daneman,liver_only
Lnpep,LNPEP,Daneman,liver_only
Lnx2,LNX2,Both,liver_only
6330403K07Rik,LOC728392,Munji,NA
Lphn1,LPHN1,Daneman,lung_only
Lphn3,LPHN3,Daneman,lung_only
Lpp,LPP,Daneman,liver_and_lung
Lrch1,LRCH1,Daneman,liver_only
Lrp1,LRP1,Daneman,liver_and_lung
Lrp6,LRP6,Munji,NA
Lrp8,LRP8,Munji,NA
Lrrc47,LRRC47,Munji,NA
Lrrc49,LRRC49,Both,liver_only
Lrrk1,LRRK1,Daneman,liver_only
Lrrn3,LRRN3,Munji,NA
Lsm4,LSM4,Daneman,lung_only
Lsr,LSR,Munji,NA
Ltbp3,LTBP3,Daneman,liver_and_lung
Ltbp4,LTBP4,Daneman,liver_only
Ltbr,LTBR,Daneman,lung_only
Luc7l2,LUC7L2,Daneman,liver_and_lung
Lxn,LXN,Daneman,lung_only
Ly6e,LY6E,Daneman,liver_only
Ly75,LY75,Both,lung_only
Ly96,LY96,Daneman,lung_only
Lyn,LYN,Daneman,lung_only
Lynx1,LYNX1,Daneman,liver_only
Lysmd2,LYSMD2,Daneman,liver_only
Lzts1,LZTS1,Munji,NA
M6pr,M6PR,Daneman,lung_only
Mad2l1,MAD2L1,Daneman,lung_only
Maged2,MAGED2,Daneman,lung_only
Mal,MAL,Daneman,liver_only
Man1a,MAN1A1,Daneman,lung_only
Man1c1,MAN1C1,Daneman,lung_only
Maoa,MAOA,Munji,NA
Maob,MAOB,Both,liver_only
Map2k5,MAP2K5,Daneman,lung_only
Map4k4,MAP4K4,Daneman,lung_only
Map4k5,MAP4K5,Daneman,lung_only
Mapk11,MAPK11,Daneman,lung_only
Mapk6,MAPK6,Daneman,lung_only
Mapkbp1,MAPKBP1,Daneman,lung_only
Marcksl1,MARCKSL1,Daneman,lung_only
Marveld1,MARVELD1,Daneman,liver_only
Mast4,MAST4,Daneman,liver_only
Mat2a,MAT2A,Daneman,liver_only
Max,MAX,Munji,NA
Mbd1,MBD1,Daneman,liver_and_lung
Mboat1,MBOAT1,Munji,NA
Mbp,MBP,Daneman,liver_only
Mbtd1,MBTD1,Daneman,lung_only
Mcc,MCC,Daneman,liver_only
Mcf2l,MCF2L,Both,liver_only
Mcl1,MCL1,Daneman,liver_only
Mcm2,MCM2,Daneman,lung_only
Mcm3,MCM3,Daneman,lung_only
Mcm5,MCM5,Daneman,lung_only
Mcm7,MCM7,Daneman,lung_only
Mdh1,MDH1,Daneman,liver_and_lung
Mdk,MDK,Daneman,lung_only
Mecp2,MECP2,Daneman,liver_only
Meox1,MEOX1,Daneman,lung_only
Mertk,MERTK,Daneman,liver_only
Mest,MEST,Daneman,lung_only
Metap2,METAP2,Daneman,lung_only
Mfap3l,MFAP3L,Daneman,lung_only
Mfhas1,MFHAS1,Munji,NA
Mfsd2a,MFSD2A,Munji,NA
Mfsd4,MFSD4,Munji,NA
Mgp,MGP,Daneman,liver_only
Mgst1,MGST1,Daneman,liver_only
Mier1,MIER1,Daneman,liver_only
Mif,MIF,Daneman,lung_only
Mif4gd,MIF4GD,Munji,NA
Mink1,MINK1,Munji,NA
Minpp1,MINPP1,Daneman,liver_and_lung
Mipol1,MIPOL1,Munji,NA
Mki67,MKI67,Daneman,lung_only
Mkl2,MKL2,Both,liver_only
Mkrn1,MKRN1,Daneman,liver_only
Mllt11,MLLT11,Munji,NA
Mmd,MMD,Daneman,lung_only
Mmp15,MMP15,Daneman,lung_only
Mmp2,MMP2,Daneman,lung_only
Mmp23,MMP23B,Munji,NA
Mmp25,MMP25,Munji,NA
Mmrn1,MMRN1,Daneman,lung_only
Mob3b,MOB3B,Munji,NA
Morc3,MORC3,Daneman,liver_only
Morf4l2,MORF4L2,Daneman,lung_only
Mospd2,MOSPD2,Daneman,liver_only
Mrpl2,MRPL2,Daneman,lung_only
Mrpl20,MRPL20,Daneman,lung_only
Mrpl27,MRPL27,Daneman,lung_only
Mrp63,MRPL57,Daneman,lung_only
Mrps28,MRPS28,Daneman,lung_only
Mta1,MTA1,Munji,NA
Mtch1,MTCH1,Daneman,lung_only
Mtfr1,MTFR1,Daneman,liver_only
Mtmr6,MTMR6,Munji,NA
Mtmr9,MTMR9,Daneman,liver_only
Mtus1,MTUS1,Daneman,liver_only
Mtx2,MTX2,Daneman,lung_only
Murc,MURC,Munji,NA
Mvp,MVP,Daneman,liver_only
Mxd3,MXD3,Munji,NA
Mxra8,MXRA8,Daneman,lung_only
Myct1,MYCT1,Daneman,lung_only
Myh10,MYH10,Daneman,lung_only
Myl9,MYL9,Daneman,liver_and_lung
Mylk,MYLK,Daneman,liver_and_lung
Myo18a,MYO18A,Daneman,lung_only
Myo1b,MYO1B,Daneman,liver_and_lung
Myo1d,MYO1D,Daneman,liver_only
Myrip,MYRIP,Daneman,liver_only
Naalad2,NAALAD2,Daneman,liver_and_lung
Nacc1,NACC1,Munji,NA
Nanos1,NANOS1,Munji,NA
Nap1l1,NAP1L1,Daneman,lung_only
Nap1l3,NAP1L3,Daneman,liver_only
Napepld,NAPEPLD,Munji,NA
Narf,NARF,Munji,NA
Narg2,NARG2,Daneman,liver_only
Nasp,NASP,Daneman,lung_only
Cml1,NAT8B,Daneman,liver_only
Nav2,NAV2,Munji,NA
Nbeal2,NBEAL2,Daneman,liver_only
Ncl,NCL,Daneman,lung_only
Ncoa1,NCOA1,Munji,NA
Nde1,NDE1,Daneman,liver_and_lung
Ndel1,NDEL1,Daneman,liver_only
Ndfip1,NDFIP1,Daneman,lung_only
Ndn,NDN,Daneman,lung_only
Ndrg1,NDRG1,Both,liver_only
Ndst1,NDST1,Daneman,lung_only
Ndufa11,NDUFA11,Daneman,lung_only
Ndufb5,NDUFB5,Daneman,lung_only
Ndufs2,NDUFS2,Daneman,lung_only
Ndufs4,NDUFS4,Daneman,lung_only
Ndufv1,NDUFV1,Daneman,lung_only
Necap2,NECAP2,Daneman,lung_only
Nedd9,NEDD9,Daneman,liver_only
Nek1,NEK1,Daneman,liver_only
Nek3,NEK3,Munji,NA
Nek6,NEK6,Daneman,lung_only
Nek7,NEK7,Daneman,liver_only
Net1,NET1,Munji,NA
Neurl2,NEURL2,Munji,NA
Nfatc1,NFATC1,Daneman,liver_only
Nfatc2ip,NFATC2IP,Munji,NA
Nfib,NFIB,Daneman,liver_only
Nfic,NFIC,Munji,NA
Nfix,NFIX,Daneman,liver_only
Ngrn,NGRN,Daneman,liver_only
Nhsl1,NHSL1,Munji,NA
Nid1,NID1,Daneman,liver_and_lung
Nid2,NID2,Daneman,lung_only
Nipa2,NIPA2,Daneman,lung_only
Nme1,NME1,Daneman,lung_only
Nomo1,NOMO1,Both,lung_only
Nomo1,NOMO2,Both,lung_only
Nomo1,NOMO3,Both,lung_only
Notch3,NOTCH3,Daneman,liver_and_lung
Notum,NOTUM,Munji,NA
Nov,NOV,Daneman,liver_only
Npl,NPL,Daneman,lung_only
Npm1,NPM1,Daneman,lung_only
Npnt,NPNT,Daneman,lung_only
Npr2,NPR2,Daneman,liver_only
Nr1d1,NR1D1,Daneman,liver_only
Nr2f1,NR2F1,Daneman,liver_and_lung
Nr2f2,NR2F2,Daneman,liver_and_lung
Nr2f6,NR2F6,Daneman,lung_only
Nr3c1,NR3C1,Daneman,liver_only
Nr4a1,NR4A1,Munji,NA
Nrarp,NRARP,Daneman,lung_only
Nrip1,NRIP1,Daneman,lung_only
Nrp2,NRP2,Daneman,lung_only
Nsmce1,NSMCE1,Daneman,lung_only
Nsun5,NSUN5,Munji,NA
Nt5c2,NT5C2,Both,liver_only
Ntn1,NTN1,Daneman,liver_and_lung
Ntn4,NTN4,Daneman,liver_only
Nubpl,NUBPL,Daneman,lung_only
Nudt12,NUDT12,Munji,NA
Nudt21,NUDT21,Daneman,lung_only
Nup210,NUP210,Daneman,lung_only
Nup98,NUP98,Daneman,liver_only
Oas1a,OAS1,Daneman,liver_only
Oaz1,OAZ1,Daneman,lung_only
Ocln,OCLN,Munji,NA
Ogn,OGN,Daneman,liver_and_lung
Ogt,OGT,Daneman,liver_only
Olfm1,OLFM1,Daneman,lung_only
Oraov1,ORAOV1,Daneman,liver_only
Osbpl1a,OSBPL1A,Both,liver_only
Osbpl2,OSBPL2,Daneman,liver_only
Osbpl9,OSBPL9,Daneman,liver_only
Otud1,OTUD1,Daneman,liver_only
Otud7b,OTUD7B,Munji,NA
Oxa1l,OXA1L,Daneman,lung_only
Oxr1,OXR1,Daneman,liver_only
P2rx4,P2RX4,Daneman,liver_only
P2ry14,P2RY14,Daneman,liver_and_lung
P4ha1,P4HA1,Daneman,liver_and_lung
Pacsin3,PACSIN3,Daneman,liver_only
Palm,PALM,Daneman,liver_only
Palmd,PALMD,Munji,NA
Paqr5,PAQR5,Both,liver_only
Pard6g,PARD6G,Daneman,lung_only
Parp12,PARP12,Daneman,liver_only
Parp14,PARP14,Daneman,liver_only
Parp9,PARP9,Daneman,liver_only
Parva,PARVA,Daneman,liver_and_lung
Parvb,PARVB,Munji,NA
Patz1,PATZ1,Munji,NA
Pbx1,PBX1,Daneman,liver_only
Pcx,PC,Both,lung_only
Pcca,PCCA,Munji,NA
Pcdh12,PCDH12,Daneman,lung_only
Pcdh17,PCDH17,Daneman,lung_only
Pcdh19,PCDH19,Munji,NA
Pcgf5,PCGF5,Daneman,liver_only
Pcmtd1,PCMTD1,Munji,NA
Pcmtd2,PCMTD2,Daneman,liver_only
Pcolce,PCOLCE,Daneman,liver_and_lung
Pde2a,PDE2A,Daneman,liver_only
Pde3b,PDE3B,Daneman,lung_only
Pde4b,PDE4B,Daneman,lung_only
Pde8b,PDE8B,Daneman,liver_and_lung
Pdgfrb,PDGFRB,Daneman,liver_and_lung
Pdia3,PDIA3,Daneman,lung_only
Pdik1l,PDIK1L,Daneman,liver_only
Pdk2,PDK2,Munji,NA
Pdlim5,PDLIM5,Daneman,liver_only
Pdlim7,PDLIM7,Daneman,lung_only
Pdxk,PDXK,Both,liver_only
Per1,PER1,Munji,NA
Perp,PERP,Daneman,liver_and_lung
Pfkfb3,PFKFB3,Daneman,lung_only
Pfkp,PFKP,Daneman,lung_only
Pfn1,PFN1,Daneman,lung_only
Pgd,PGD,Daneman,lung_only
Pglyrp1,PGLYRP1,Munji,NA
Pgm2,PGM1,Daneman,lung_only
Pgm1,PGM2,Daneman,lung_only
Phactr1,PHACTR1,Daneman,liver_only
Phactr4,PHACTR4,Daneman,liver_only
Phb,PHB,Daneman,lung_only
Phb2,PHB2,Daneman,lung_only
Phc3,PHC3,Daneman,liver_only
Phf2,PHF2,Munji,NA
Phf20,PHF20,Daneman,liver_only
Phgdh,PHGDH,Daneman,lung_only
Phlda1,PHLDA1,Daneman,lung_only
Phpt1,PHPT1,Daneman,lung_only
Phyhipl,PHYHIPL,Daneman,liver_only
Pias1,PIAS1,Daneman,liver_only
Picalm,PICALM,Daneman,liver_only
Pigx,PIGX,Daneman,lung_only
Pik3cg,PIK3CG,Daneman,lung_only
Pir,PIR,Daneman,liver_only
Pitrm1,PITRM1,Daneman,lung_only
Pkig,PKIG,Daneman,liver_only
Pla2g6,PLA2G6,Munji,NA
Pla2g7,PLA2G7,Daneman,liver_and_lung
Plagl1,PLAGL1,Daneman,lung_only
Plcb1,PLCB1,Daneman,liver_only
Plcb4,PLCB4,Daneman,liver_only
Plce1,PLCE1,Daneman,liver_and_lung
Pld1,PLD1,Daneman,liver_and_lung
Pld2,PLD2,Daneman,liver_only
Pld3,PLD3,Daneman,lung_only
Plekha2,PLEKHA2,Daneman,liver_only
Plekhb2,PLEKHB2,Daneman,liver_only
Plekhg5,PLEKHG5,Munji,NA
Plekhh1,PLEKHH1,Daneman,lung_only
Plekhh2,PLEKHH2,Munji,NA
Plekhn1,PLEKHN1,Munji,NA
Pllp,PLLP,Daneman,liver_only
Plp2,PLP2,Daneman,lung_only
Plscr1,PLSCR1,Daneman,liver_only
Plscr4,PLSCR4,Daneman,liver_only
Pltp,PLTP,Munji,NA
Plvap,PLVAP,Daneman,lung_only
Plxdc1,PLXDC1,Daneman,liver_and_lung
Plxdc2,PLXDC2,Daneman,liver_and_lung
Plxna2,PLXNA2,Daneman,liver_only
Plxnb1,PLXNB1,Daneman,liver_and_lung
Plxnb2,PLXNB2,Daneman,liver_and_lung
Plxnd1,PLXND1,Daneman,lung_only
Pmepa1,PMEPA1,Munji,NA
Pml,PML,Daneman,liver_only
Pnpla6,PNPLA6,Munji,NA
Pole4,POLE4,Daneman,liver_only
Polg2,POLG2,Daneman,liver_only
Polk,POLK,Both,liver_only
Pomc,POMC,Munji,NA
Porcn,PORCN,Munji,NA
Ppapdc2,PPAPDC2,Munji,NA
Ppard,PPARD,Munji,NA
Ppic,PPIC,Daneman,lung_only
Ppm1a,PPM1A,Daneman,liver_only
Ppm1h,PPM1H,Munji,NA
Ppp1r14a,PPP1R14A,Daneman,liver_and_lung
Ppp1r14b,PPP1R14B,Daneman,lung_only
Ppp1r2,PPP1R2,Daneman,liver_only
Ppp1r35,PPP1R35,Munji,NA
Ppp1r7,PPP1R7,Daneman,liver_only
Ppp1r8,PPP1R8,Munji,NA
Ppp1r9a,PPP1R9A,Daneman,lung_only
Ppp2cb,PPP2CB,Daneman,lung_only
Ppp3cc,PPP3CC,Both,liver_only
Ppp5c,PPP5C,Daneman,lung_only
Prcp,PRCP,Daneman,lung_only
Prdm1,PRDM1,Daneman,lung_only
Prdm16,PRDM16,Daneman,liver_only
Prdm9,PRDM9,Munji,NA
Prdx2,PRDX2,Daneman,lung_only
Prdx3,PRDX3,Daneman,liver_and_lung
Prdx4,PRDX4,Daneman,lung_only
Prdx5,PRDX5,Daneman,lung_only
Prdx6,PRDX6,Daneman,lung_only
Prelp,PRELP,Daneman,liver_and_lung
Prep,PREP,Daneman,lung_only
Prickle1,PRICKLE1,Daneman,liver_only
Prickle2,PRICKLE2,Daneman,liver_and_lung
Prkar1b,PRKAR1B,Daneman,liver_and_lung
Prkch,PRKCH,Daneman,liver_only
Prnd,PRND,Daneman,lung_only
Prnp,PRNP,Daneman,lung_only
Prom1,PROM1,Both,liver_only
Prpf39,PRPF39,Daneman,liver_only
Prpf4b,PRPF4B,Daneman,liver_only
Prr12,PRR12,Munji,NA
Prss23,PRSS23,Daneman,liver_only
Prune,PRUNE,Munji,NA
Psat1,PSAT1,Daneman,lung_only
Psip1,PSIP1,Daneman,lung_only
Psma5,PSMA5,Daneman,lung_only
Psmb10,PSMB10,Daneman,liver_only
Psmb2,PSMB2,Daneman,lung_only
Psmb4,PSMB4,Daneman,lung_only
Psmc4,PSMC4,Daneman,lung_only
Psmc5,PSMC5,Daneman,lung_only
Psmd13,PSMD13,Daneman,lung_only
Psmd8,PSMD8,Daneman,lung_only
Ptdss2,PTDSS2,Daneman,lung_only
Pten,PTEN,Daneman,liver_and_lung
Ptgds,PTGDS,Munji,NA
Ptger4,PTGER4,Daneman,liver_only
Ptgfrn,PTGFRN,Daneman,lung_only
Ptgis,PTGIS,Daneman,lung_only
Ptn,PTN,Both,liver_only
Ptov1,PTOV1,Daneman,lung_only
Ptp4a3,PTP4A3,Daneman,lung_only
Ptpla,PTPLA,Daneman,lung_only
Ptpn9,PTPN9,Daneman,liver_and_lung
Ptpre,PTPRE,Daneman,lung_only
Ptprf,PTPRF,Daneman,lung_only
Ptprk,PTPRK,Daneman,lung_only
Ptprr,PTPRR,Daneman,liver_only
Pttg1,PTTG1,Daneman,lung_only
Pura,PURA,Daneman,liver_only
Pvrl2,PVRL2,Daneman,lung_only
Pygb,PYGB,Daneman,lung_only
Rab11fip1,RAB11FIP1,Munji,NA
Rab11fip5,RAB11FIP5,Daneman,liver_only
Rab12,RAB12,Daneman,lung_only
Rab13,RAB13,Daneman,lung_only
Rab24,RAB24,Daneman,lung_only
Rab3il1,RAB3IL1,Daneman,lung_only
Rad1,RAD1,Munji,NA
Rad51ap1,RAD51AP1,Daneman,lung_only
Rad54b,RAD54B,Both,liver_only
Ralb,RALB,Daneman,lung_only
Ralgds,RALGDS,Daneman,lung_only
Ralgps2,RALGPS2,Daneman,lung_only
Ranbp1,RANBP1,Daneman,lung_only
Rap2c,RAP2C,Daneman,lung_only
Rapgef3,RAPGEF3,Daneman,liver_only
Raph1,RAPH1,Daneman,liver_and_lung
Rarres2,RARRES2,Daneman,liver_and_lung
Rasgrp4,RASGRP4,Munji,NA
Rassf4,RASSF4,Daneman,liver_only
Rassf8,RASSF8,Munji,NA
Rb1,RB1,Daneman,liver_only
Rbm20,RBM20,Munji,NA
Rbp1,RBP1,Daneman,lung_only
Rcan2,RCAN2,Munji,NA
Rcc2,RCC2,Daneman,lung_only
Rcn1,RCN1,Daneman,lung_only
Rcn3,RCN3,Daneman,lung_only
Rdx,RDX,Daneman,liver_only
Reck,RECK,Both,liver_only
Relb,RELB,Daneman,lung_only
Rep15,REP15,Munji,NA
Ret,RET,Munji,NA
Rfk,RFK,Daneman,liver_only
Rfxank,RFXANK,Munji,NA
Rgs16,RGS16,Daneman,lung_only
Rgs2,RGS2,Daneman,lung_only
Rgs4,RGS4,Daneman,liver_and_lung
Rhobtb1,RHOBTB1,Munji,NA
Rhobtb3,RHOBTB3,Daneman,lung_only
Rhoc,RHOC,Daneman,lung_only
Rhoj,RHOJ,Daneman,lung_only
Rhpn2,RHPN2,Daneman,liver_only
Ribc1,RIBC1,Munji,NA
Rnase4,RNASE4,Daneman,liver_only
Rnf103,RNF103,Daneman,liver_only
Rnf141,RNF141,Daneman,liver_only
Rnf144b,RNF144B,Munji,NA
Rnf168,RNF168,Munji,NA
Rpl11,RPL11,Daneman,lung_only
Rpl12,RPL12,Daneman,lung_only
Rpl13a,RPL13A,Daneman,lung_only
Rpl18,RPL18,Daneman,lung_only
Rpl23,RPL23,Daneman,lung_only
Rpl27,RPL27,Daneman,lung_only
Rpl35,RPL35,Daneman,lung_only
Rps17,RPS17,Daneman,lung_only
Rps18,RPS18,Daneman,lung_only
Rps26,RPS26,Daneman,lung_only
Rps27l,RPS27L,Daneman,lung_only
Rps3,RPS3,Daneman,lung_only
Rps6ka2,RPS6KA2,Daneman,lung_only
Rps6ka3,RPS6KA3,Daneman,lung_only
Rps6ka5,RPS6KA5,Daneman,liver_only
Rps7,RPS7,Daneman,lung_only
Rps8,RPS8,Daneman,lung_only
Rps9,RPS9,Daneman,lung_only
Rras2,RRAS2,Daneman,lung_only
Rrm2,RRM2,Daneman,lung_only
Rrm2b,RRM2B,Daneman,liver_only
Rrnad1,RRNAD1,Munji,NA
Rsad2,RSAD2,Daneman,liver_only
Rsbn1,RSBN1,Daneman,liver_only
Rsc1a1,RSC1A1,Daneman,lung_only
Rtn4,RTN4,Daneman,lung_only
Rybp,RYBP,Daneman,liver_only
S100a1,S100A1,Daneman,liver_only
S100a10,S100A10,Daneman,liver_only
Sacm1l,SACM1L,Daneman,liver_only
Samd9l,SAMD9L,Daneman,liver_only
Samhd1,SAMHD1,Daneman,liver_only
Sap18,SAP18,Daneman,liver_only
Sass6,SASS6,Munji,NA
Sc5d,SC5D,Daneman,liver_only
Sccpdh,SCCPDH,Daneman,lung_only
Scfd2,SCFD2,Munji,NA
Scgb3a1,SCGB3A1,Daneman,lung_only
Schip1,SCHIP1,Daneman,lung_only
Scn2b,SCN2B,Daneman,liver_and_lung
Scn3b,SCN3B,Daneman,liver_only
Scrn3,SCRN3,Munji,NA
Scube2,SCUBE2,Daneman,liver_only
Sdc2,SDC2,Daneman,liver_and_lung
Sdcbp2,SDCBP2,Daneman,lung_only
Sdf4,SDF4,Daneman,liver_only
Sdhd,SDHD,Daneman,lung_only
Sdpr,SDPR,Daneman,liver_only
Sec63,SEC63,Daneman,lung_only
Sema3c,SEMA3C,Daneman,liver_only
Sema3g,SEMA3G,Daneman,liver_only
Sema5a,SEMA5A,Daneman,liver_only
Sema7a,SEMA7A,Both,liver_only
Serbp1,SERBP1,Daneman,lung_only
Serinc5,SERINC5,Munji,NA
Serpina1b,SERPINA1,Daneman,liver_only
Serpinb1a,SERPINB1,Daneman,liver_only
Serpinb9,SERPINB9,Daneman,liver_only
Serpine1,SERPINE1,Daneman,lung_only
Serpinf1,SERPINF1,Daneman,lung_only
Serping1,SERPING1,Daneman,liver_and_lung
Serpinh1,SERPINH1,Daneman,lung_only
Serpini1,SERPINI1,Daneman,liver_and_lung
Sesn1,SESN1,Daneman,liver_only
Sestd1,SESTD1,Munji,NA
Sf3b4,SF3B4,Munji,NA
Sfxn1,SFXN1,Daneman,lung_only
Sgce,SGCE,Daneman,liver_and_lung
D8Ertd82e,SGK223,Daneman,lung_only
Sgms1,SGMS1,Munji,NA
Sgms2,SGMS2,Munji,NA
Sgpp1,SGPP1,Daneman,liver_only
Sgpp2,SGPP2,Both,liver_only
Sh3bp4,SH3BP4,Munji,NA
Sh3bp5,SH3BP5,Daneman,lung_only
Sh3kbp1,SH3KBP1,Daneman,lung_only
Shroom1,SHROOM1,Munji,NA
Siah1a,SIAH1,Daneman,liver_only
Sin3b,SIN3B,Daneman,lung_only
Sirt1,SIRT1,Daneman,liver_only
Skap1,SKAP1,Munji,NA
Ski,SKI,Daneman,liver_only
Slc12a2,SLC12A2,Daneman,liver_and_lung
Slc12a5,SLC12A5,Daneman,lung_only
Slc12a6,SLC12A6,Daneman,liver_only
Slc16a2,SLC16A2,Both,liver_only
Slc16a4,SLC16A4,Munji,NA
Slc16a6,SLC16A6,Munji,NA
Slc19a1,SLC19A1,Daneman,liver_and_lung
Slc19a3,SLC19A3,Both,liver_only
Slc1a1,SLC1A1,Both,liver_only
Slc1a4,SLC1A4,Daneman,lung_only
Slc22a5,SLC22A5,Daneman,liver_only
Slc22a8,SLC22A8,Munji,NA
Slc25a10,SLC25A10,Daneman,lung_only
Slc25a20,SLC25A20,Daneman,lung_only
Slc25a24,SLC25A24,Daneman,liver_only
Slc27a1,SLC27A1,Munji,NA
Slc29a1,SLC29A1,Daneman,lung_only
Slc2a1,SLC2A1,Munji,NA
Slc30a1,SLC30A1,Munji,NA
Slc30a10,SLC30A10,Daneman,liver_and_lung
Slc31a1,SLC31A1,Daneman,lung_only
Slc35d2,SLC35D2,Daneman,liver_only
Slc35f2,SLC35F2,Munji,NA
Slc36a1,SLC36A1,Munji,NA
Slc38a1,SLC38A1,Daneman,lung_only
Slc38a3,SLC38A3,Munji,NA
Slc38a5,SLC38A5,Both,lung_only
Slc39a10,SLC39A10,Munji,NA
Slc39a8,SLC39A8,Daneman,lung_only
Slc40a1,SLC40A1,Daneman,liver_only
Slc41a1,SLC41A1,Daneman,lung_only
Slc43a2,SLC43A2,Daneman,lung_only
Slc43a3,SLC43A3,Daneman,lung_only
Slc44a5,SLC44A5,Munji,NA
Slc45a4,SLC45A4,Daneman,lung_only
Slc4a1,SLC4A1,Munji,NA
Slc52a2,SLC52A2,Munji,NA
Slc52a3,SLC52A3,Munji,NA
Slc5a6,SLC5A6,Munji,NA
Slc6a13,SLC6A13,Munji,NA
Slc6a6,SLC6A6,Munji,NA
Slc7a1,SLC7A1,Munji,NA
Slc7a11,SLC7A11,Munji,NA
Slc7a3,SLC7A3,Munji,NA
Slc7a5,SLC7A5,Munji,NA
Slc7a7,SLC7A7,Daneman,lung_only
Slc7a8,SLC7A8,Daneman,lung_only
Slc9a2,SLC9A2,Munji,NA
Slco1c1,SLCO1C1,Munji,NA
Slco2a1,SLCO2A1,Daneman,lung_only
Slco2b1,SLCO2B1,Munji,NA
Slco3a1,SLCO3A1,Daneman,liver_and_lung
Slfn5,SLFN5,Daneman,liver_only
Smad1,SMAD1,Daneman,lung_only
Smad3,SMAD3,Daneman,lung_only
Smad6,SMAD6,Daneman,liver_only
Smad7,SMAD7,Both,liver_only
Smap1,SMAP1,Munji,NA
Smarce1,SMARCE1,Daneman,lung_only
Smox,SMOX,Both,lung_only
Snca,SNCA,Daneman,lung_only
Snrnp35,SNRNP35,Munji,NA
Snrpa1,SNRPA1,Daneman,lung_only
Snrpd3,SNRPD3,Daneman,lung_only
Snrpf,SNRPF,Daneman,lung_only
Snx13,SNX13,Daneman,liver_only
Snx16,SNX16,Daneman,liver_only
Snx4,SNX4,Daneman,lung_only
Snx5,SNX5,Daneman,lung_only
Socs1,SOCS1,Daneman,liver_only
Socs4,SOCS4,Daneman,liver_only
Socs5,SOCS5,Daneman,liver_only
Sorbs1,SORBS1,Both,liver_only
Sorbs2,SORBS2,Both,liver_only
Sos1,SOS1,Munji,NA
Sox11,SOX11,Daneman,lung_only
Sox17,SOX17,Daneman,liver_only
Sox18,SOX18,Daneman,liver_and_lung
Sox4,SOX4,Daneman,lung_only
Sox9,SOX9,Munji,NA
Sparcl1,SPARCL1,Munji,NA
Spata5l1,SPATA5L1,Munji,NA
Spock2,SPOCK2,Munji,NA
Spred2,SPRED2,Daneman,liver_only
Spry4,SPRY4,Daneman,lung_only
Spsb1,SPSB1,Daneman,lung_only
Srf,SRF,Munji,NA
Srgap2,SRGAP2,Munji,NA
Srm,SRM,Daneman,lung_only
Srp9,SRP9,Daneman,lung_only
Srpk2,SRPK2,Daneman,liver_only
Ssbp4,SSBP4,Munji,NA
Ssr2,SSR2,Daneman,lung_only
Ssr4,SSR4,Daneman,lung_only
St3gal6,ST3GAL6,Munji,NA
St6gal1,ST6GAL1,Daneman,liver_only
St6galnac2,ST6GALNAC2,Both,liver_only
St6galnac3,ST6GALNAC3,Daneman,liver_only
St8sia4,ST8SIA4,Munji,NA
Stab1,STAB1,Daneman,lung_only
Stard10,STARD10,Daneman,liver_only
Stard3,STARD3,Daneman,lung_only
Stat1,STAT1,Daneman,liver_only
Stat3,STAT3,Daneman,liver_only
Steap3,STEAP3,Munji,NA
Stk11ip,STK11IP,Munji,NA
Stmn2,STMN2,Daneman,liver_only
Stom,STOM,Daneman,liver_only
Stra6,STRA6,Munji,NA
Stx12,STX12,Daneman,liver_only
Stx3,STX3,Daneman,liver_only
Stx6,STX6,Daneman,lung_only
Stxbp6,STXBP6,Daneman,liver_only
Sugp2,SUGP2,Munji,NA
Sulf2,SULF2,Daneman,liver_only
Surf6,SURF6,Munji,NA
Sycp3,SYCP3,Daneman,liver_only
Syne1,SYNE1,Daneman,liver_only
Synm,SYNM,Munji,NA
Synpo2,SYNPO2,Munji,NA
Syt7,SYT7,Both,liver_only
Sytl1,SYTL1,Munji,NA
Tacc2,TACC2,Daneman,liver_only
Tacc3,TACC3,Munji,NA
Tacr3,TACR3,Daneman,lung_only
Tada2a,TADA2A,Munji,NA
Tax1bp3,TAX1BP3,Daneman,lung_only
Tbc1d14,TBC1D14,Munji,NA
Tbc1d4,TBC1D4,Both,liver_only
Tbrg4,TBRG4,Daneman,lung_only
Tbx1,TBX1,Both,liver_only
Tbx2,TBX2,Daneman,liver_and_lung
Tbx3,TBX3,Daneman,liver_only
Tceal8,TCEAL8,Daneman,lung_only
Tcf19,TCF19,Daneman,lung_only
Tcf23,TCF23,Daneman,liver_only
Tchp,TCHP,Munji,NA
Tdg,TDG,Daneman,lung_only
Tecrl,TECRL,Munji,NA
Tenc1,TENC1,Daneman,liver_and_lung
Tes,TES,Daneman,lung_only
Trf,TF,Daneman,lung_only
Tfdp1,TFDP1,Daneman,lung_only
Tfpi,TFPI,Daneman,lung_only
Tfpi2,TFPI2,Daneman,lung_only
Tfrc,TFRC,Munji,NA
Tgfa,TGFA,Munji,NA
Tgfb2,TGFB2,Munji,NA
Tgfbi,TGFBI,Daneman,liver_and_lung
Tgfbr3,TGFBR3,Daneman,liver_only
Tgif2,TGIF2,Daneman,lung_only
Tgm2,TGM2,Daneman,liver_only
Thbd,THBD,Daneman,liver_only
Thra,THRA,Munji,NA
Thrsp,THRSP,Daneman,liver_only
Thsd1,THSD1,Munji,NA
Tiam1,TIAM1,Munji,NA
Tie1,TIE1,Daneman,lung_only
Timm13,TIMM13,Daneman,lung_only
Timm22,TIMM22,Daneman,lung_only
Timp3,TIMP3,Daneman,liver_only
Tiprl,TIPRL,Daneman,lung_only
Tkt,TKT,Daneman,lung_only
Tm4sf1,TM4SF1,Daneman,liver_only
Tm7sf3,TM7SF3,Daneman,liver_only
Tmc7,TMC7,Munji,NA
Tmcc2,TMCC2,Daneman,liver_only
Tmcc3,TMCC3,Daneman,liver_only
Tmeff1,TMEFF1,Both,liver_only
Tmem123,TMEM123,Munji,NA
Tmem14c,TMEM14C,Daneman,lung_only
Tmem184a,TMEM184A,Munji,NA
Tmem2,TMEM2,Daneman,lung_only
Tmem30a,TMEM30A,Daneman,liver_only
Tmem37,TMEM37,Daneman,lung_only
Tmem44,TMEM44,Daneman,lung_only
Tmem8,TMEM8A,Munji,NA
Tmub1,TMUB1,Munji,NA
Tnf,TNF,Daneman,lung_only
Tnfaip1,TNFAIP1,Daneman,lung_only
Tnfaip2,TNFAIP2,Daneman,lung_only
Tnfaip8l1,TNFAIP8L1,Daneman,lung_only
Tnfrsf19,TNFRSF19,Munji,NA
Tnfrsf21,TNFRSF21,Daneman,liver_and_lung
Tnfsf10,TNFSF10,Daneman,liver_only
Tnrc6c,TNRC6C,Daneman,liver_only
Tns1,TNS1,Daneman,liver_only
Tns3,TNS3,Daneman,liver_and_lung
Tob1,TOB1,Both,liver_only
Tomm20,TOMM20,Daneman,lung_only
Top1mt,TOP1MT,Munji,NA
Top2a,TOP2A,Daneman,lung_only
Tor3a,TOR3A,Daneman,liver_only
Trp53i11,TP53I11,Daneman,lung_only
Trp53inp1,TP53INP1,Daneman,liver_only
Tpcn1,TPCN1,Daneman,lung_only
Tpd52,TPD52,Both,liver_only
Tprn,TPRN,Munji,NA
Trappc1,TRAPPC1,Daneman,lung_only
Trim47,TRIM47,Daneman,liver_only
Trim6,TRIM6,Munji,NA
Trip6,TRIP6,Daneman,lung_only
Trpc1,TRPC1,Daneman,liver_and_lung
Trpm6,TRPM6,Munji,NA
Trrap,TRRAP,Daneman,liver_and_lung
Tsc22d1,TSC22D1,Munji,NA
Tsc22d3,TSC22D3,Daneman,liver_only
Tsc22d4,TSC22D4,Daneman,lung_only
Tspan18,TSPAN18,Daneman,lung_only
Tspan2,TSPAN2,Daneman,lung_only
Tspan4,TSPAN4,Daneman,lung_only
Tspan5,TSPAN5,Munji,NA
Tspan6,TSPAN6,Daneman,lung_only
Tspan7,TSPAN7,Daneman,lung_only
Tspyl1,TSPYL1,Daneman,liver_only
Tspyl4,TSPYL4,Daneman,liver_only
Tsta3,TSTA3,Daneman,lung_only
Ttll7,TTLL7,Munji,NA
Ttyh2,TTYH2,Munji,NA
Ttyh3,TTYH3,Daneman,lung_only
Tubb5,TUBB,Daneman,lung_only
Tubb6,TUBB6,Daneman,lung_only
Txnip,TXNIP,Daneman,liver_only
Txnl1,TXNL1,Daneman,lung_only
Tymp,TYMP,Munji,NA
Uap1,UAP1,Daneman,liver_only
Ube2a,UBE2A,Daneman,lung_only
Ube2b,UBE2B,Daneman,liver_only
Ube2d3,UBE2D3,Daneman,lung_only
Ube2e2,UBE2E2,Daneman,lung_only
Ube2i,UBE2I,Daneman,lung_only
Ube2l3,UBE2L3,Daneman,lung_only
Ube2m,UBE2M,Daneman,lung_only
Ube2n,UBE2N,Daneman,liver_only
Ube3b,UBE3B,Daneman,liver_and_lung
Ube4b,UBE4B,Daneman,lung_only
Ubl3,UBL3,Daneman,liver_only
Ubl4,UBL4A,Daneman,liver_only
Ubtd1,UBTD1,Daneman,lung_only
Uchl1,UCHL1,Daneman,liver_and_lung
Ucp2,UCP2,Daneman,liver_only
Ufc1,UFC1,Daneman,lung_only
Uhrf1bp1,UHRF1BP1,Munji,NA
Unc13b,UNC13B,Daneman,liver_only
Unc13c,UNC13C,Munji,NA
Uqcrc1,UQCRC1,Daneman,lung_only
Uqcrh,UQCRHL,Daneman,lung_only
Urod,UROD,Daneman,lung_only
Usp18,USP18,Daneman,liver_only
Usp3,USP3,Daneman,lung_only
Usp33,USP33,Munji,NA
Usp42,USP42,Munji,NA
Usp53,USP53,Munji,NA
Usp54,USP54,Both,liver_only
Utp14b,UTP14C,Munji,NA
Utrn,UTRN,Both,liver_only
Vamp4,VAMP4,Daneman,liver_only
Vangl2,VANGL2,Munji,NA
Vasp,VASP,Daneman,lung_only
Vav3,VAV3,Daneman,lung_only
Vcam1,VCAM1,Daneman,liver_only
Vcp,VCP,Daneman,lung_only
Vdac1,VDAC1,Daneman,lung_only
Vil1,VIL1,Munji,NA
Vps36,VPS36,Daneman,liver_only
Vps41,VPS41,Daneman,liver_only
Vstm2b,VSTM2B,Munji,NA
Vtn,VTN,Daneman,liver_and_lung
Vwa1,VWA1,Munji,NA
Wasf3,WASF3,Munji,NA
Wdr1,WDR1,Daneman,lung_only
Wdr26,WDR26,Daneman,lung_only
Wdr6,WDR6,Daneman,lung_only
Wdr83,WDR83,Munji,NA
Wfdc1,WFDC1,Daneman,liver_only
Wnk1,WNK1,Daneman,liver_only
Wnk2,WNK2,Munji,NA
Wnt5a,WNT5A,Munji,NA
Wsb2,WSB2,Daneman,lung_only
Wwtr1,WWTR1,Daneman,lung_only
Xdh,XDH,Daneman,liver_only
Ywhab,YWHAB,Daneman,liver_and_lung
Zbtb20,ZBTB20,Daneman,liver_only
Zbtb34,ZBTB34,Daneman,lung_only
Zbtb4,ZBTB4,Daneman,liver_only
Zbtb41,ZBTB41,Daneman,liver_only
Zbtb45,ZBTB45,Munji,NA
Zc3h4,ZC3H4,Munji,NA
Zcchc2,ZCCHC2,Daneman,liver_only
Zcchc6,ZCCHC6,Daneman,liver_only
Zdhhc14,ZDHHC14,Daneman,liver_only
Zfp3,ZFP3,Munji,NA
Zfp37,ZFP37,Daneman,liver_only
Zfp69,ZFP69,Daneman,lung_only
Zhx3,ZHX3,Daneman,liver_only
Zic1,ZIC1,Daneman,liver_and_lung
Zic2,ZIC2,Munji,NA
Zic3,ZIC3,Munji,NA
Zic5,ZIC5,Both,liver_only
Zmynd19,ZMYND19,Munji,NA
Zfp219,ZNF219,Munji,NA
Zfp647,ZNF250,Munji,NA
Zfp110,ZNF274,Daneman,liver_only
Zfp366,ZNF366,Munji,NA
Zfp383,ZNF383,Daneman,liver_only
Zfp423,ZNF423,Munji,NA
Zfp521,ZNF521,Daneman,lung_only
Zfp668,ZNF668,Munji,NA
Zfp707,ZNF707,Munji,NA
Zfp865,ZNF865,Munji,NA
Znrf3,ZNRF3,Munji,NA
Zswim1,ZSWIM1,Munji,NA
Zwint,ZWINT,Daneman,lung_only
Zyx,ZYX,Daneman,lung_only
