GeneSymbol_Mouse,GeneSymbol_Human,Source,Daneman_Filter,In_Walchli_EC,In_Yang_EC,In_Winkler_EC,Human_BBB_Datasets_N
Abca1,ABCA1,Daneman,lung_only,TRUE,FALSE,FALSE,1
Abca5,ABCA5,Daneman,liver_only,TRUE,FALSE,FALSE,1
Abca9,ABCA9,Daneman,liver_and_lung,TRUE,FALSE,FALSE,1
Abcb1a,ABCB1,Both,liver_only,TRUE,FALSE,TRUE,2
Abcc4,ABCC4,Both,liver_only,TRUE,TRUE,TRUE,3
Abcc6,ABCC6,Munji,NA,TRUE,FALSE,FALSE,1
Abcc9,ABCC9,Daneman,liver_and_lung,TRUE,FALSE,FALSE,1
Abcg1,ABCG1,Daneman,lung_only,TRUE,FALSE,TRUE,2
Abcg2,ABCG2,Munji,NA,TRUE,TRUE,TRUE,3
Abhd2,ABHD2,Munji,NA,TRUE,FALSE,FALSE,1
Abl2,ABL2,Daneman,lung_only,TRUE,TRUE,FALSE,2
Ablim1,ABLIM1,Both,liver_only,TRUE,FALSE,TRUE,2
Acaa2,ACAA2,Daneman,lung_only,TRUE,FALSE,FALSE,1
Acacb,ACACB,Munji,NA,TRUE,FALSE,TRUE,2
Acadl,ACADL,Daneman,lung_only,TRUE,FALSE,FALSE,1
Acat2,ACAT2,Munji,NA,TRUE,FALSE,FALSE,1
Acbd5,ACBD5,Daneman,liver_only,TRUE,FALSE,FALSE,1
Ace,ACE,Daneman,liver_only,TRUE,FALSE,FALSE,1
Ace2,ACE2,Daneman,liver_and_lung,FALSE,FALSE,FALSE,0
Acot2,ACOT2,Munji,NA,TRUE,FALSE,FALSE,1
Acot7,ACOT7,Daneman,lung_only,TRUE,FALSE,FALSE,1
Acsl3,ACSL3,Munji,NA,TRUE,FALSE,FALSE,1
Acsl6,ACSL6,Daneman,liver_only,TRUE,FALSE,FALSE,1
Actl6a,ACTL6A,Daneman,lung_only,TRUE,FALSE,FALSE,1
Acvrl1,ACVRL1,Daneman,liver_only,TRUE,FALSE,TRUE,2
Adamts4,ADAMTS4,Daneman,lung_only,TRUE,FALSE,FALSE,1
Adamts9,ADAMTS9,Daneman,lung_only,TRUE,TRUE,FALSE,2
Adamtsl2,ADAMTSL2,Daneman,lung_only,TRUE,FALSE,FALSE,1
Adcy9,ADCY9,Both,liver_only,TRUE,FALSE,FALSE,1
Adh1,ADH1C,Daneman,lung_only,TRUE,FALSE,FALSE,1
Adipor1,ADIPOR1,Daneman,lung_only,TRUE,FALSE,FALSE,1
Adipor2,ADIPOR2,Daneman,liver_only,TRUE,FALSE,TRUE,2
Adk,ADK,Daneman,liver_only,TRUE,FALSE,FALSE,1
Adm,ADM,Daneman,lung_only,TRUE,FALSE,FALSE,1
Adrbk2,ADRBK2,Daneman,liver_and_lung,FALSE,FALSE,FALSE,0
Agpat5,AGPAT5,Daneman,lung_only,TRUE,FALSE,FALSE,1
Agr2,AGR2,Munji,NA,FALSE,FALSE,FALSE,0
Agrn,AGRN,Munji,NA,TRUE,FALSE,TRUE,2
Ahnak,AHNAK,Daneman,liver_only,TRUE,FALSE,FALSE,1
Akr1b3,AKR1B1,Daneman,liver_and_lung,TRUE,FALSE,FALSE,1
Alas1,ALAS1,Munji,NA,TRUE,FALSE,FALSE,1
Alas2,ALAS2,Munji,NA,TRUE,FALSE,FALSE,1
Aldh1a1,ALDH1A1,Daneman,liver_only,TRUE,FALSE,FALSE,1
Aldh2,ALDH2,Daneman,liver_only,TRUE,FALSE,FALSE,1
Aldh4a1,ALDH4A1,Munji,NA,TRUE,FALSE,FALSE,1
Aldh5a1,ALDH5A1,Munji,NA,TRUE,FALSE,FALSE,1
Aldh6a1,ALDH6A1,Daneman,liver_only,TRUE,FALSE,FALSE,1
Alg6,ALG6,Munji,NA,TRUE,FALSE,FALSE,1
Alox12,ALOX12,Daneman,liver_only,FALSE,FALSE,FALSE,0
Als2cl,ALS2CL,Daneman,liver_only,TRUE,FALSE,FALSE,1
Amd1,AMD1,Daneman,liver_only,TRUE,FALSE,FALSE,1
Amot,AMOT,Both,liver_only,TRUE,FALSE,FALSE,1
Ampd3,AMPD3,Daneman,liver_only,TRUE,FALSE,FALSE,1
Angpt2,ANGPT2,Daneman,lung_only,TRUE,FALSE,FALSE,1
Angptl4,ANGPTL4,Daneman,lung_only,TRUE,FALSE,FALSE,1
Ankrd12,ANKRD12,Daneman,liver_only,TRUE,FALSE,FALSE,1
Ankrd46,ANKRD46,Daneman,liver_only,TRUE,FALSE,FALSE,1
Ankrd6,ANKRD6,Both,liver_only,TRUE,FALSE,FALSE,1
Anks1,ANKS1A,Daneman,liver_only,TRUE,FALSE,TRUE,2
Anln,ANLN,Daneman,lung_only,TRUE,FALSE,FALSE,1
Antxr2,ANTXR2,Daneman,lung_only,TRUE,FALSE,FALSE,1
Anxa6,ANXA6,Daneman,lung_only,TRUE,FALSE,TRUE,2
Anxa9,ANXA9,Munji,NA,TRUE,FALSE,FALSE,1
Aox1,AOX1,Daneman,liver_only,FALSE,FALSE,FALSE,0
Ap1s1,AP1S1,Daneman,lung_only,TRUE,FALSE,FALSE,1
Ap2s1,AP2S1,Daneman,lung_only,TRUE,FALSE,FALSE,1
Ap3m1,AP3M1,Daneman,liver_only,TRUE,FALSE,FALSE,1
Apcdd1,APCDD1,Both,lung_only,TRUE,FALSE,TRUE,2
Apex1,APEX1,Daneman,lung_only,TRUE,FALSE,FALSE,1
Aph1a,APH1A,Both,lung_only,TRUE,FALSE,FALSE,1
Apln,APLN,Daneman,lung_only,TRUE,FALSE,FALSE,1
Apod,APOD,Both,lung_only,TRUE,FALSE,TRUE,2
App,APP,Daneman,liver_only,TRUE,FALSE,TRUE,2
Aprt,APRT,Daneman,lung_only,TRUE,FALSE,FALSE,1
Aqp11,AQP11,Both,liver_only,TRUE,FALSE,FALSE,1
Arf4,ARF4,Daneman,lung_only,TRUE,FALSE,FALSE,1
Arfgap3,ARFGAP3,Daneman,liver_only,TRUE,FALSE,FALSE,1
Arhgap12,ARHGAP12,Daneman,liver_only,TRUE,FALSE,FALSE,1
Arhgap18,ARHGAP18,Daneman,lung_only,TRUE,FALSE,FALSE,1
Arhgap26,ARHGAP26,Daneman,liver_only,TRUE,FALSE,TRUE,2
Arhgap6,ARHGAP6,Daneman,liver_only,TRUE,FALSE,TRUE,2
Arhgef15,ARHGEF15,Daneman,liver_only,TRUE,FALSE,FALSE,1
Arhgef3,ARHGEF3,Daneman,liver_only,TRUE,FALSE,TRUE,2
Arhgef7,ARHGEF7,Daneman,lung_only,TRUE,FALSE,FALSE,1
Arhgef9,ARHGEF9,Munji,NA,TRUE,FALSE,FALSE,1
Arid4a,ARID4A,Daneman,liver_only,TRUE,FALSE,FALSE,1
Arid5b,ARID5B,Daneman,liver_only,TRUE,FALSE,TRUE,2
Arl4a,ARL4A,Munji,NA,TRUE,FALSE,TRUE,2
Armcx2,ARMCX2,Daneman,lung_only,TRUE,FALSE,FALSE,1
Arntl,ARNTL,Daneman,liver_only,TRUE,FALSE,FALSE,1
Art3,ART3,Daneman,liver_and_lung,TRUE,FALSE,FALSE,1
Asb13,ASB13,Daneman,liver_only,TRUE,FALSE,FALSE,1
Ash1l,ASH1L,Daneman,liver_only,TRUE,FALSE,FALSE,1
Aspn,ASPN,Daneman,liver_and_lung,TRUE,FALSE,TRUE,2
Atf2,ATF2,Daneman,liver_only,TRUE,FALSE,FALSE,1
Atf4,ATF4,Daneman,liver_only,TRUE,FALSE,TRUE,2
Atf7ip,ATF7IP,Daneman,liver_only,TRUE,FALSE,FALSE,1
Atp10a,ATP10A,Both,liver_only,TRUE,FALSE,TRUE,2
Atp11a,ATP11A,Daneman,liver_only,TRUE,TRUE,TRUE,3
Atp13a2,ATP13A2,Daneman,lung_only,TRUE,FALSE,FALSE,1
Atp13a5,ATP13A5,Daneman,liver_and_lung,FALSE,FALSE,FALSE,0
Atp1a2,ATP1A2,Daneman,liver_and_lung,TRUE,FALSE,FALSE,1
Atp1b1,ATP1B1,Daneman,lung_only,TRUE,FALSE,TRUE,2
Atp1b2,ATP1B2,Daneman,liver_and_lung,TRUE,FALSE,FALSE,1
Atp2a3,ATP2A3,Daneman,liver_and_lung,TRUE,FALSE,FALSE,1
Atp2c1,ATP2C1,Daneman,liver_only,TRUE,FALSE,FALSE,1
Atp5a1,ATP5A1,Daneman,lung_only,TRUE,FALSE,FALSE,1
Atp5d,ATP5D,Daneman,lung_only,TRUE,FALSE,FALSE,1
Atp5f1,ATP5F1,Daneman,lung_only,TRUE,FALSE,FALSE,1
Atp5g1,ATP5G1,Daneman,lung_only,TRUE,FALSE,FALSE,1
Atp5g2,ATP5G2,Daneman,lung_only,TRUE,FALSE,FALSE,1
Atp5o,ATP5O,Daneman,lung_only,TRUE,FALSE,FALSE,1
Atp6v0d1,ATP6V0D1,Daneman,lung_only,TRUE,FALSE,FALSE,1
Atp8a1,ATP8A1,Daneman,liver_only,TRUE,FALSE,FALSE,1
Atp9a,ATP9A,Daneman,lung_only,TRUE,FALSE,TRUE,2
Atpif1,ATPIF1,Daneman,lung_only,TRUE,FALSE,FALSE,1
Axin2,AXIN2,Both,liver_only,TRUE,FALSE,FALSE,1
B2m,B2M,Daneman,liver_only,TRUE,FALSE,TRUE,2
B3gnt1,B3GNT1,Daneman,liver_only,FALSE,FALSE,FALSE,0
B4galt4,B4GALT4,Munji,NA,TRUE,FALSE,FALSE,1
Baiap2l1,BAIAP2L1,Munji,NA,TRUE,FALSE,FALSE,1
Bambi,BAMBI,Daneman,lung_only,TRUE,FALSE,FALSE,1
Banf1,BANF1,Daneman,lung_only,TRUE,FALSE,FALSE,1
Basp1,BASP1,Daneman,lung_only,TRUE,FALSE,FALSE,1
Baz1a,BAZ1A,Daneman,lung_only,TRUE,FALSE,TRUE,2
Bche,BCHE,Both,liver_only,TRUE,FALSE,FALSE,1
Bcl10,BCL10,Daneman,lung_only,TRUE,FALSE,FALSE,1
Bcl2l1,BCL2L1,Daneman,liver_only,TRUE,FALSE,FALSE,1
Bcl6,BCL6,Daneman,liver_only,TRUE,FALSE,TRUE,2
Bcl6b,BCL6B,Daneman,lung_only,TRUE,FALSE,FALSE,1
Bcr,BCR,Daneman,lung_only,TRUE,TRUE,TRUE,3
Bend5,BEND5,Munji,NA,TRUE,FALSE,FALSE,1
Bgn,BGN,Daneman,liver_and_lung,TRUE,FALSE,FALSE,1
Bin1,BIN1,Daneman,lung_only,TRUE,FALSE,FALSE,1
Bmp1,BMP1,Daneman,lung_only,TRUE,FALSE,FALSE,1
Bmp2,BMP2,Daneman,lung_only,TRUE,FALSE,FALSE,1
Bmp2k,BMP2K,Daneman,lung_only,TRUE,FALSE,FALSE,1
Bmpr1a,BMPR1A,Daneman,liver_and_lung,TRUE,FALSE,TRUE,2
Bmpr2,BMPR2,Daneman,liver_only,TRUE,FALSE,TRUE,2
Bnip1,BNIP1,Munji,NA,TRUE,FALSE,FALSE,1
Bnip3,BNIP3,Daneman,liver_only,TRUE,FALSE,FALSE,1
Bop1,BOP1,Daneman,lung_only,TRUE,FALSE,FALSE,1
Bpgm,BPGM,Daneman,lung_only,TRUE,FALSE,FALSE,1
Bsg,BSG,Munji,NA,TRUE,TRUE,TRUE,3
Bspry,BSPRY,Munji,NA,FALSE,FALSE,FALSE,0
Btbd11,BTBD11,Daneman,lung_only,FALSE,FALSE,FALSE,0
Btf3,BTF3,Daneman,lung_only,TRUE,FALSE,TRUE,2
Btf3l4,BTF3L4,Daneman,lung_only,TRUE,FALSE,FALSE,1
Btg2,BTG2,Daneman,liver_only,TRUE,FALSE,FALSE,1
Bzw1,BZW1,Daneman,lung_only,TRUE,FALSE,FALSE,1
8430408G22Rik,C10ORF10,Daneman,liver_only,FALSE,FALSE,FALSE,0
2700094K13Rik,C11ORF31,Daneman,lung_only,FALSE,FALSE,FALSE,0
AI462493,C11ORF83,Daneman,lung_only,FALSE,FALSE,FALSE,0
Grcc10,C12ORF57,Daneman,lung_only,FALSE,FALSE,FALSE,0
2010107E04Rik,C14ORF2,Daneman,lung_only,FALSE,FALSE,FALSE,0
BC030336,C16ORF52,Daneman,liver_only,FALSE,FALSE,FALSE,0
AI467606,C16ORF54,Daneman,liver_and_lung,FALSE,FALSE,FALSE,0
AU021092,C16ORF89,Daneman,lung_only,FALSE,FALSE,FALSE,0
0610010K14Rik,C17ORF49,Daneman,lung_only,FALSE,FALSE,FALSE,0
2410015M20Rik,C19ORF70,Daneman,lung_only,FALSE,FALSE,FALSE,0
C130074G19Rik,C1ORF115,Munji,NA,FALSE,FALSE,FALSE,0
2810004N23Rik,C1ORF131,Munji,NA,FALSE,FALSE,FALSE,0
2310022B05Rik,C1ORF198,Munji,NA,FALSE,FALSE,FALSE,0
Gm694,C1ORF64,Munji,NA,FALSE,FALSE,FALSE,0
A130010J15Rik,C1ORF74,Munji,NA,FALSE,FALSE,FALSE,0
C1qbp,C1QBP,Daneman,lung_only,TRUE,FALSE,FALSE,1
3010026O09Rik,C5ORF45,Daneman,liver_only,FALSE,FALSE,FALSE,0
3110082I17Rik,C7ORF50,Daneman,lung_only,FALSE,FALSE,FALSE,0
1810011O10Rik,C8ORF4,Daneman,liver_only,FALSE,FALSE,FALSE,0
Car2,CA2,Daneman,lung_only,TRUE,FALSE,FALSE,1
Cab39l,CAB39L,Daneman,liver_only,TRUE,FALSE,FALSE,1
Cables1,CABLES1,Daneman,liver_only,TRUE,FALSE,FALSE,1
Cabyr,CABYR,Munji,NA,TRUE,FALSE,FALSE,1
Cachd1,CACHD1,Both,lung_only,TRUE,FALSE,TRUE,2
Capn2,CAPN2,Daneman,liver_only,TRUE,FALSE,FALSE,1
Capzb,CAPZB,Daneman,lung_only,TRUE,FALSE,FALSE,1
Card10,CARD10,Daneman,liver_only,TRUE,FALSE,FALSE,1
Caskin2,CASKIN2,Daneman,liver_only,TRUE,FALSE,FALSE,1
Casp3,CASP3,Daneman,lung_only,TRUE,FALSE,FALSE,1
Casp6,CASP6,Daneman,lung_only,TRUE,FALSE,FALSE,1
Casp7,CASP7,Daneman,lung_only,TRUE,FALSE,FALSE,1
Casp8,CASP8,Daneman,lung_only,TRUE,FALSE,FALSE,1
Casp8ap2,CASP8AP2,Daneman,liver_only,TRUE,FALSE,FALSE,1
Casq2,CASQ2,Daneman,liver_and_lung,TRUE,FALSE,TRUE,2
Cast,CAST,Daneman,liver_only,TRUE,FALSE,FALSE,1
Cat,CAT,Daneman,lung_only,TRUE,FALSE,FALSE,1
Cav2,CAV2,Daneman,liver_only,TRUE,FALSE,FALSE,1
Cbr3,CBR3,Daneman,liver_only,TRUE,FALSE,FALSE,1
Ccdc106,CCDC106,Munji,NA,TRUE,FALSE,FALSE,1
Ccdc141,CCDC141,Munji,NA,TRUE,FALSE,FALSE,1
Ccdc23,CCDC23,Daneman,lung_only,FALSE,FALSE,FALSE,0
Ccdc28a,CCDC28A,Daneman,liver_only,TRUE,FALSE,FALSE,1
Ccdc28b,CCDC28B,Daneman,lung_only,TRUE,FALSE,FALSE,1
Ccdc61,CCDC61,Munji,NA,TRUE,FALSE,FALSE,1
Ccdc85c,CCDC85C,Munji,NA,TRUE,FALSE,FALSE,1
Ccdc92,CCDC92,Munji,NA,TRUE,FALSE,FALSE,1
Ccnd1,CCND1,Daneman,lung_only,TRUE,FALSE,FALSE,1
Ccnd2,CCND2,Daneman,lung_only,TRUE,FALSE,FALSE,1
Ccng2,CCNG2,Munji,NA,TRUE,FALSE,FALSE,1
Cct2,CCT2,Daneman,lung_only,TRUE,FALSE,FALSE,1
Cd1d1,CD1D,Daneman,lung_only,TRUE,FALSE,FALSE,1
Cd200,CD200,Daneman,liver_only,TRUE,FALSE,FALSE,1
Cd248,CD248,Daneman,liver_and_lung,TRUE,FALSE,FALSE,1
Cd2ap,CD2AP,Daneman,liver_only,TRUE,FALSE,TRUE,2
Cd302,CD302,Daneman,liver_and_lung,TRUE,FALSE,FALSE,1
Cd320,CD320,Both,lung_only,TRUE,FALSE,TRUE,2
Cd38,CD38,Daneman,lung_only,TRUE,FALSE,FALSE,1
Cd3eap,CD3EAP,Munji,NA,TRUE,FALSE,FALSE,1
Cd40,CD40,Daneman,lung_only,TRUE,FALSE,FALSE,1
Cd47,CD47,Daneman,liver_only,TRUE,FALSE,FALSE,1
Cd82,CD82,Daneman,lung_only,TRUE,FALSE,FALSE,1
Cdc14a,CDC14A,Daneman,liver_only,TRUE,FALSE,TRUE,2
Cdc20,CDC20,Daneman,lung_only,TRUE,FALSE,FALSE,1
Cdc23,CDC23,Daneman,liver_and_lung,TRUE,FALSE,FALSE,1
Cdc37l1,CDC37L1,Daneman,liver_only,TRUE,FALSE,FALSE,1
Cdc42ep3,CDC42EP3,Munji,NA,TRUE,FALSE,FALSE,1
Cdc42se1,CDC42SE1,Munji,NA,TRUE,FALSE,FALSE,1
Cdca4,CDCA4,Daneman,lung_only,TRUE,FALSE,FALSE,1
Cdca8,CDCA8,Daneman,lung_only,TRUE,FALSE,FALSE,1
Cdh11,CDH11,Daneman,liver_and_lung,TRUE,FALSE,TRUE,2
Cdh2,CDH2,Both,lung_only,TRUE,FALSE,TRUE,2
Cdipt,CDIPT,Daneman,lung_only,TRUE,FALSE,FALSE,1
Cdk4,CDK4,Daneman,lung_only,TRUE,FALSE,FALSE,1
Cdk5rap3,CDK5RAP3,Daneman,lung_only,TRUE,FALSE,FALSE,1
Cdr2,CDR2,Daneman,lung_only,TRUE,FALSE,FALSE,1
Cds2,CDS2,Daneman,liver_only,TRUE,FALSE,FALSE,1
Cdv3,CDV3,Daneman,lung_only,TRUE,FALSE,FALSE,1
Ceacam2,CEACAM1,Both,liver_only,TRUE,FALSE,FALSE,1
Cebpg,CEBPG,Daneman,liver_only,TRUE,FALSE,FALSE,1
Cenpa,CENPA,Daneman,lung_only,TRUE,FALSE,FALSE,1
Cep164,CEP164,Munji,NA,TRUE,FALSE,FALSE,1
Cep97,CEP97,Munji,NA,TRUE,FALSE,FALSE,1
Cept1,CEPT1,Daneman,liver_only,TRUE,FALSE,FALSE,1
Cerk,CERK,Daneman,lung_only,TRUE,FALSE,FALSE,1
Cfh,CFH,Daneman,liver_only,TRUE,TRUE,TRUE,3
Cflar,CFLAR,Daneman,liver_only,TRUE,FALSE,TRUE,2
Cggbp1,CGGBP1,Daneman,lung_only,TRUE,FALSE,FALSE,1
Ch25h,CH25H,Daneman,liver_only,TRUE,FALSE,TRUE,2
Chd6,CHD6,Daneman,liver_only,TRUE,FALSE,FALSE,1
Chmp6,CHMP6,Daneman,lung_only,TRUE,FALSE,FALSE,1
Chn2,CHN2,Daneman,liver_only,TRUE,FALSE,FALSE,1
Chst1,CHST1,Daneman,lung_only,TRUE,FALSE,FALSE,1
Chst7,CHST7,Daneman,lung_only,TRUE,FALSE,FALSE,1
Ckap4,CKAP4,Daneman,lung_only,TRUE,FALSE,FALSE,1
Cklf,CKLF,Daneman,lung_only,TRUE,FALSE,FALSE,1
Cks1b,CKS1B,Daneman,lung_only,TRUE,FALSE,FALSE,1
Cks2,CKS2,Daneman,lung_only,TRUE,FALSE,FALSE,1
Clcc1,CLCC1,Daneman,liver_only,TRUE,FALSE,FALSE,1
Cldn6,CLDN6,Munji,NA,TRUE,FALSE,FALSE,1
Clec14a,CLEC14A,Daneman,lung_only,TRUE,FALSE,TRUE,2
Clec1a,CLEC1A,Daneman,lung_only,TRUE,FALSE,TRUE,2
Clic4,CLIC4,Daneman,liver_only,TRUE,FALSE,FALSE,1
Clic5,CLIC5,Daneman,liver_only,TRUE,FALSE,FALSE,1
Clock,CLOCK,Daneman,liver_only,TRUE,FALSE,FALSE,1
Clstn1,CLSTN1,Daneman,liver_only,TRUE,FALSE,FALSE,1
Clta,CLTA,Daneman,lung_only,TRUE,FALSE,FALSE,1
Cnih4,CNIH4,Daneman,liver_only,TRUE,FALSE,FALSE,1
Cnn3,CNN3,Daneman,lung_only,TRUE,FALSE,FALSE,1
Cnnm2,CNNM2,Munji,NA,TRUE,FALSE,FALSE,1
Cnot6l,CNOT6L,Munji,NA,TRUE,FALSE,TRUE,2
Cnot8,CNOT8,Daneman,lung_only,TRUE,FALSE,TRUE,2
Cnr2,CNR2,Daneman,lung_only,TRUE,FALSE,FALSE,1
Cntrob,CNTROB,Munji,NA,TRUE,FALSE,FALSE,1
Cobll1,COBLL1,Munji,NA,TRUE,TRUE,TRUE,3
Col14a1,COL14A1,Daneman,liver_only,TRUE,FALSE,TRUE,2
Col18a1,COL18A1,Daneman,lung_only,TRUE,FALSE,TRUE,2
Col1a2,COL1A2,Daneman,liver_and_lung,TRUE,FALSE,TRUE,2
Col3a1,COL3A1,Daneman,liver_and_lung,TRUE,FALSE,TRUE,2
Col4a2,COL4A2,Daneman,lung_only,TRUE,FALSE,TRUE,2
Col4a3bp,COL4A3BP,Both,liver_only,TRUE,FALSE,FALSE,1
Col5a2,COL5A2,Daneman,liver_and_lung,TRUE,FALSE,FALSE,1
Gm684,COLCA2,Munji,NA,TRUE,FALSE,FALSE,1
Commd3,COMMD3,Daneman,lung_only,TRUE,FALSE,FALSE,1
Commd4,COMMD4,Daneman,lung_only,TRUE,FALSE,FALSE,1
Commd8,COMMD8,Daneman,lung_only,TRUE,FALSE,FALSE,1
Cops4,COPS4,Daneman,lung_only,TRUE,FALSE,FALSE,1
Cops5,COPS5,Daneman,lung_only,TRUE,FALSE,FALSE,1
Cops6,COPS6,Daneman,lung_only,TRUE,FALSE,FALSE,1
Copz2,COPZ2,Daneman,liver_only,TRUE,FALSE,FALSE,1
Coq7,COQ7,Daneman,lung_only,TRUE,FALSE,FALSE,1
Coro1a,CORO1A,Daneman,lung_only,TRUE,FALSE,FALSE,1
Coro1c,CORO1C,Daneman,lung_only,TRUE,FALSE,FALSE,1
Cotl1,COTL1,Daneman,lung_only,TRUE,FALSE,FALSE,1
Cp,CP,Daneman,liver_only,TRUE,TRUE,TRUE,3
Cpd,CPD,Daneman,liver_only,TRUE,FALSE,TRUE,2
Cpe,CPE,Daneman,lung_only,TRUE,FALSE,TRUE,2
Cpm,CPM,Daneman,liver_and_lung,TRUE,FALSE,FALSE,1
Crem,CREM,Daneman,lung_only,TRUE,FALSE,TRUE,2
Crim1,CRIM1,Daneman,liver_only,TRUE,FALSE,TRUE,2
Crip1,CRIP1,Daneman,liver_only,TRUE,FALSE,TRUE,2
Crispld1,CRISPLD1,Daneman,liver_only,TRUE,FALSE,FALSE,1
Crispld2,CRISPLD2,Daneman,liver_and_lung,TRUE,FALSE,TRUE,2
Crk,CRK,Daneman,lung_only,TRUE,FALSE,FALSE,1
Crmp1,CRMP1,Daneman,lung_only,TRUE,FALSE,FALSE,1
Csf1,CSF1,Daneman,lung_only,TRUE,FALSE,FALSE,1
Csnk1a1,CSNK1A1,Daneman,liver_only,TRUE,FALSE,FALSE,1
Csnk1d,CSNK1D,Daneman,lung_only,TRUE,FALSE,FALSE,1
Csnk1g2,CSNK1G2,Daneman,lung_only,TRUE,FALSE,FALSE,1
Csnk2b,CSNK2B,Daneman,lung_only,TRUE,FALSE,FALSE,1
Cspg4,CSPG4,Daneman,liver_and_lung,TRUE,FALSE,FALSE,1
Csrp1,CSRP1,Daneman,lung_only,TRUE,FALSE,TRUE,2
Csrp2,CSRP2,Daneman,lung_only,TRUE,FALSE,TRUE,2
Cstf2t,CSTF2T,Daneman,liver_only,TRUE,FALSE,FALSE,1
Ctdspl,CTDSPL,Daneman,liver_and_lung,TRUE,FALSE,FALSE,1
Ctgf,CTGF,Daneman,liver_only,TRUE,FALSE,FALSE,1
Ctnnbl1,CTNNBL1,Daneman,lung_only,TRUE,FALSE,FALSE,1
Ctnnd2,CTNND2,Daneman,liver_only,TRUE,FALSE,FALSE,1
Ctsk,CTSK,Daneman,lung_only,TRUE,FALSE,FALSE,1
Ctsw,CTSW,Daneman,lung_only,TRUE,FALSE,FALSE,1
Cuedc1,CUEDC1,Daneman,liver_only,TRUE,FALSE,FALSE,1
Cwf19l2,CWF19L2,Daneman,liver_only,TRUE,FALSE,FALSE,1
Cx3cl1,CX3CL1,Daneman,liver_only,TRUE,FALSE,FALSE,1
Cxcl12,CXCL12,Both,liver_only,TRUE,FALSE,TRUE,2
Cxcl1,CXCL2,Daneman,lung_only,TRUE,FALSE,TRUE,2
Cxcl2,CXCL3,Daneman,lung_only,TRUE,FALSE,FALSE,1
Cxcr4,CXCR4,Daneman,lung_only,TRUE,FALSE,TRUE,2
Cxxc5,CXXC5,Daneman,lung_only,TRUE,FALSE,FALSE,1
Cyb561,CYB561,Daneman,liver_only,TRUE,FALSE,FALSE,1
Cyba,CYBA,Daneman,lung_only,TRUE,FALSE,FALSE,1
Cyp26b1,CYP26B1,Daneman,liver_only,TRUE,FALSE,FALSE,1
Cyp4v3,CYP4V2,Daneman,liver_only,TRUE,FALSE,FALSE,1
Cyr61,CYR61,Both,liver_only,TRUE,FALSE,FALSE,1
Daam1,DAAM1,Daneman,liver_and_lung,TRUE,FALSE,FALSE,1
Daam2,DAAM2,Daneman,liver_and_lung,TRUE,FALSE,FALSE,1
Dab2,DAB2,Daneman,lung_only,TRUE,FALSE,FALSE,1
Dab2ip,DAB2IP,Daneman,liver_only,TRUE,FALSE,TRUE,2
Dad1,DAD1,Daneman,lung_only,TRUE,FALSE,FALSE,1
Dagla,DAGLA,Munji,NA,TRUE,FALSE,FALSE,1
Dars,DARS,Daneman,lung_only,TRUE,FALSE,FALSE,1
Dbp,DBP,Daneman,liver_only,TRUE,FALSE,FALSE,1
Dcbld1,DCBLD1,Daneman,lung_only,TRUE,FALSE,FALSE,1
Dcbld2,DCBLD2,Daneman,liver_only,TRUE,FALSE,FALSE,1
Dck,DCK,Daneman,lung_only,TRUE,FALSE,FALSE,1
Dcun1d3,DCUN1D3,Both,liver_only,TRUE,FALSE,FALSE,1
Ddah2,DDAH2,Daneman,lung_only,TRUE,FALSE,FALSE,1
Ddc,DDC,Both,liver_only,TRUE,FALSE,FALSE,1
Ddi1,DDI1,Munji,NA,FALSE,FALSE,FALSE,0
Ddx1,DDX1,Daneman,lung_only,TRUE,FALSE,FALSE,1
Ddx19a,DDX19A,Daneman,lung_only,TRUE,FALSE,FALSE,1
Ddx39,DDX39A,Daneman,lung_only,TRUE,FALSE,FALSE,1
Def6,DEF6,Munji,NA,TRUE,FALSE,FALSE,1
Degs1,DEGS1,Daneman,lung_only,TRUE,FALSE,FALSE,1
Degs2,DEGS2,Both,liver_only,TRUE,FALSE,TRUE,2
Dennd2a,DENND2A,Daneman,liver_and_lung,TRUE,FALSE,FALSE,1
Dera,DERA,Daneman,lung_only,TRUE,FALSE,FALSE,1
Dhcr7,DHCR7,Munji,NA,TRUE,FALSE,FALSE,1
Diap1,DIAPH1,Daneman,liver_only,TRUE,FALSE,FALSE,1
Dixdc1,DIXDC1,Both,liver_only,TRUE,FALSE,FALSE,1
Dll1,DLL1,Daneman,liver_only,TRUE,FALSE,FALSE,1
Dll4,DLL4,Daneman,lung_only,TRUE,FALSE,TRUE,2
Dmd,DMD,Daneman,liver_and_lung,TRUE,FALSE,TRUE,2
Dmxl2,DMXL2,Daneman,liver_only,TRUE,FALSE,FALSE,1
Dnaja4,DNAJA4,Daneman,liver_only,TRUE,FALSE,FALSE,1
Dnajb1,DNAJB1,Daneman,liver_only,TRUE,FALSE,TRUE,2
Dnajc14,DNAJC14,Munji,NA,TRUE,FALSE,FALSE,1
Dnmt3b,DNMT3B,Daneman,lung_only,TRUE,FALSE,FALSE,1
Dock10,DOCK10,Daneman,liver_and_lung,TRUE,FALSE,TRUE,2
Dock11,DOCK11,Daneman,lung_only,TRUE,FALSE,FALSE,1
Dok4,DOK4,Daneman,lung_only,TRUE,FALSE,FALSE,1
Dsp,DSP,Daneman,liver_only,TRUE,FALSE,FALSE,1
Dusp2,DUSP2,Daneman,lung_only,TRUE,FALSE,TRUE,2
Dusp4,DUSP4,Daneman,lung_only,TRUE,FALSE,FALSE,1
Dusp6,DUSP6,Munji,NA,TRUE,FALSE,FALSE,1
Dut,DUT,Daneman,lung_only,TRUE,FALSE,FALSE,1
Dvl1,DVL1,Daneman,liver_only,TRUE,FALSE,FALSE,1
Dvl3,DVL3,Munji,NA,TRUE,FALSE,FALSE,1
Dyrk2,DYRK2,Daneman,lung_only,TRUE,FALSE,FALSE,1
Dysf,DYSF,Daneman,lung_only,TRUE,FALSE,FALSE,1
Ebf1,EBF1,Daneman,liver_only,TRUE,FALSE,FALSE,1
Edn1,EDN1,Daneman,liver_only,TRUE,FALSE,TRUE,2
Edn3,EDN3,Munji,NA,TRUE,FALSE,TRUE,2
Ednra,EDNRA,Daneman,liver_and_lung,TRUE,FALSE,TRUE,2
Eef2,EEF2,Daneman,lung_only,TRUE,FALSE,TRUE,2
Efhc2,EFHC2,Munji,NA,TRUE,FALSE,FALSE,1
Efhd2,EFHD2,Daneman,liver_and_lung,TRUE,FALSE,FALSE,1
Efnb1,EFNB1,Daneman,liver_only,TRUE,FALSE,FALSE,1
Efr3b,EFR3B,Munji,NA,TRUE,FALSE,FALSE,1
Eftud2,EFTUD2,Munji,NA,TRUE,FALSE,FALSE,1
Egfl8,EGFL8,Daneman,lung_only,TRUE,FALSE,TRUE,2
Egr3,EGR3,Munji,NA,TRUE,FALSE,TRUE,2
Eif2b2,EIF2B2,Daneman,lung_only,TRUE,FALSE,FALSE,1
Eif2s2,EIF2S2,Daneman,lung_only,TRUE,FALSE,FALSE,1
Eif4a1,EIF4A1,Daneman,lung_only,TRUE,FALSE,FALSE,1
Eif4e2,EIF4E2,Daneman,lung_only,TRUE,FALSE,FALSE,1
Eif5,EIF5,Daneman,liver_only,TRUE,FALSE,FALSE,1
Eif5a,EIF5A,Daneman,lung_only,TRUE,FALSE,FALSE,1
Elavl1,ELAVL1,Daneman,liver_and_lung,TRUE,FALSE,FALSE,1
Elovl6,ELOVL6,Daneman,lung_only,TRUE,FALSE,FALSE,1
Elovl7,ELOVL7,Both,liver_only,TRUE,FALSE,TRUE,2
Eltd1,ELTD1,Daneman,liver_only,FALSE,FALSE,FALSE,0
Eml2,EML2,Munji,NA,TRUE,FALSE,FALSE,1
Emp2,EMP2,Daneman,liver_only,TRUE,FALSE,TRUE,2
Enc1,ENC1,Munji,NA,TRUE,FALSE,FALSE,1
Enpep,ENPEP,Daneman,liver_and_lung,TRUE,FALSE,FALSE,1
Enpp4,ENPP4,Daneman,liver_only,TRUE,FALSE,FALSE,1
Eny2,ENY2,Daneman,lung_only,TRUE,FALSE,FALSE,1
Epb4.1l2,EPB41L2,Daneman,liver_and_lung,TRUE,FALSE,FALSE,1
Epc1,EPC1,Daneman,liver_only,TRUE,FALSE,FALSE,1
Epc2,EPC2,Daneman,liver_only,TRUE,FALSE,FALSE,1
Epha4,EPHA4,Daneman,liver_only,TRUE,FALSE,TRUE,2
Ephx1,EPHX1,Daneman,liver_only,TRUE,FALSE,FALSE,1
Eps8,EPS8,Daneman,liver_and_lung,TRUE,FALSE,TRUE,2
Eps8l2,EPS8L2,Daneman,liver_only,TRUE,FALSE,FALSE,1
Erg,ERG,Munji,NA,TRUE,FALSE,TRUE,2
Erh,ERH,Daneman,lung_only,TRUE,FALSE,FALSE,1
Ern1,ERN1,Daneman,liver_only,TRUE,FALSE,FALSE,1
Ero1lb,ERO1LB,Daneman,liver_only,FALSE,FALSE,FALSE,0
Erp29,ERP29,Daneman,lung_only,TRUE,FALSE,FALSE,1
Esco1,ESCO1,Daneman,liver_only,TRUE,FALSE,FALSE,1
Esm1,ESM1,Daneman,lung_only,TRUE,FALSE,FALSE,1
Esyt2,ESYT2,Munji,NA,TRUE,FALSE,TRUE,2
Etf1,ETF1,Daneman,lung_only,TRUE,FALSE,FALSE,1
Etv1,ETV1,Daneman,liver_and_lung,TRUE,FALSE,FALSE,1
Evl,EVL,Daneman,lung_only,TRUE,FALSE,FALSE,1
Evpl,EVPL,Munji,NA,TRUE,FALSE,FALSE,1
Exoc8,EXOC8,Daneman,liver_and_lung,TRUE,FALSE,FALSE,1
Ext1,EXT1,Daneman,lung_only,TRUE,FALSE,FALSE,1
Extl3,EXTL3,Munji,NA,TRUE,FALSE,FALSE,1
Ezh1,EZH1,Daneman,liver_only,TRUE,FALSE,FALSE,1
Ezh2,EZH2,Daneman,lung_only,TRUE,FALSE,FALSE,1
F2r,F2R,Daneman,lung_only,TRUE,FALSE,FALSE,1
F5,F5,Munji,NA,TRUE,FALSE,FALSE,1
Fabp5,FABP5,Daneman,lung_only,TRUE,FALSE,FALSE,1
Fabp7,FABP7,Daneman,lung_only,TRUE,FALSE,FALSE,1
Fads1,FADS1,Daneman,lung_only,TRUE,FALSE,FALSE,1
Fads2,FADS2,Daneman,lung_only,TRUE,FALSE,FALSE,1
Fads3,FADS3,Daneman,liver_and_lung,TRUE,FALSE,TRUE,2
Faim,FAIM,Munji,NA,TRUE,FALSE,FALSE,1
Grrp1,FAM110D,Daneman,liver_only,TRUE,FALSE,FALSE,1
Fam118a,FAM118A,Munji,NA,TRUE,FALSE,FALSE,1
Fam129b,FAM129B,Munji,NA,TRUE,FALSE,FALSE,1
Fam134c,FAM134C,Munji,NA,FALSE,FALSE,FALSE,0
Fam13c,FAM13C,Munji,NA,TRUE,FALSE,TRUE,2
Fam63a,FAM63A,Munji,NA,FALSE,FALSE,FALSE,0
Fam71a,FAM71A,Munji,NA,TRUE,FALSE,FALSE,1
Far2,FAR2,Munji,NA,TRUE,FALSE,FALSE,1
Farp2,FARP2,Munji,NA,TRUE,FALSE,FALSE,1
Fars2,FARS2,Daneman,lung_only,TRUE,FALSE,FALSE,1
Fbln1,FBLN1,Daneman,lung_only,TRUE,FALSE,TRUE,2
Fbln5,FBLN5,Daneman,lung_only,TRUE,FALSE,TRUE,2
Fbxl18,FBXL18,Munji,NA,TRUE,FALSE,FALSE,1
Fbxo22,FBXO22,Daneman,liver_only,TRUE,FALSE,FALSE,1
Fbxo7,FBXO7,Daneman,liver_only,TRUE,FALSE,FALSE,1
Fcho2,FCHO2,Daneman,liver_only,TRUE,FALSE,TRUE,2
Fdft1,FDFT1,Daneman,lung_only,TRUE,FALSE,FALSE,1
Fgf13,FGF13,Munji,NA,TRUE,FALSE,FALSE,1
Fgfr3,FGFR3,Daneman,liver_only,TRUE,FALSE,FALSE,1
Fhl1,FHL1,Daneman,liver_only,TRUE,FALSE,TRUE,2
Filip1,FILIP1,Daneman,liver_only,TRUE,FALSE,TRUE,2
Fkbp10,FKBP10,Daneman,lung_only,TRUE,FALSE,FALSE,1
Fkbp1a,FKBP1A,Daneman,lung_only,TRUE,FALSE,TRUE,2
Flna,FLNA,Daneman,liver_and_lung,TRUE,FALSE,TRUE,2
Flt1,FLT1,Both,liver_only,TRUE,FALSE,TRUE,2
Flt3l,FLT3LG,Munji,NA,TRUE,FALSE,FALSE,1
Mfsd7c,FLVCR2,Munji,NA,TRUE,FALSE,FALSE,1
Fmo1,FMO1,Daneman,liver_only,TRUE,FALSE,FALSE,1
Fmo2,FMO2,Daneman,liver_only,TRUE,FALSE,FALSE,1
Fndc3a,FNDC3A,Daneman,liver_only,TRUE,FALSE,TRUE,2
Fndc4,FNDC4,Munji,NA,TRUE,FALSE,FALSE,1
Fosb,FOSB,Munji,NA,TRUE,FALSE,TRUE,2
Foxc1,FOXC1,Munji,NA,TRUE,FALSE,FALSE,1
Foxf2,FOXF2,Munji,NA,TRUE,FALSE,FALSE,1
Foxl2,FOXL2,Munji,NA,TRUE,FALSE,FALSE,1
Foxn2,FOXN2,Daneman,liver_only,TRUE,FALSE,FALSE,1
Foxo1,FOXO1,Daneman,liver_only,TRUE,FALSE,TRUE,2
Foxo3,FOXO3,Munji,NA,TRUE,FALSE,TRUE,2
Foxq1,FOXQ1,Munji,NA,TRUE,FALSE,FALSE,1
Fpgt,FPGT,Daneman,liver_only,TRUE,FALSE,FALSE,1
Frem2,FREM2,Munji,NA,TRUE,FALSE,FALSE,1
Frmd4b,FRMD4B,Munji,NA,TRUE,TRUE,TRUE,3
Frmd5,FRMD5,Munji,NA,TRUE,FALSE,FALSE,1
Frmd6,FRMD6,Daneman,lung_only,TRUE,FALSE,FALSE,1
Fry,FRY,Munji,NA,TRUE,TRUE,FALSE,2
Fscn1,FSCN1,Daneman,lung_only,TRUE,FALSE,FALSE,1
Fstl1,FSTL1,Daneman,liver_and_lung,TRUE,FALSE,FALSE,1
Fuca1,FUCA1,Daneman,lung_only,TRUE,FALSE,FALSE,1
Fuca2,FUCA2,Munji,NA,TRUE,FALSE,FALSE,1
Fut8,FUT8,Munji,NA,TRUE,FALSE,TRUE,2
Fxyd5,FXYD5,Daneman,liver_only,TRUE,FALSE,TRUE,2
Fyco1,FYCO1,Both,liver_only,TRUE,FALSE,FALSE,1
Fyn,FYN,Daneman,lung_only,TRUE,FALSE,FALSE,1
Fzd4,FZD4,Daneman,liver_only,TRUE,FALSE,TRUE,2
Fzd6,FZD6,Munji,NA,TRUE,FALSE,TRUE,2
Gab1,GAB1,Munji,NA,TRUE,FALSE,FALSE,1
Gabarapl1,GABARAPL1,Daneman,lung_only,TRUE,FALSE,FALSE,1
Gadd45g,GADD45G,Daneman,liver_only,TRUE,FALSE,FALSE,1
Galt,GALT,Daneman,lung_only,TRUE,FALSE,FALSE,1
Gart,GART,Daneman,lung_only,TRUE,FALSE,FALSE,1
Gas2l3,GAS2L3,Daneman,lung_only,TRUE,FALSE,FALSE,1
Gas6,GAS6,Daneman,liver_only,TRUE,FALSE,TRUE,2
Gata2,GATA2,Daneman,liver_only,TRUE,FALSE,TRUE,2
Gbe1,GBE1,Munji,NA,TRUE,FALSE,FALSE,1
Gbp2,GBP2,Daneman,liver_only,TRUE,FALSE,FALSE,1
Gbp4,GBP6,Daneman,liver_only,TRUE,FALSE,FALSE,1
Gch1,GCH1,Daneman,liver_only,TRUE,FALSE,FALSE,1
Gcnt2,GCNT2,Daneman,liver_only,TRUE,FALSE,FALSE,1
Gdi2,GDI2,Daneman,lung_only,TRUE,FALSE,FALSE,1
Gdpd1,GDPD1,Daneman,lung_only,TRUE,FALSE,FALSE,1
Gdpd3,GDPD3,Daneman,liver_only,TRUE,FALSE,FALSE,1
Gdpd5,GDPD5,Daneman,lung_only,TRUE,FALSE,FALSE,1
Gem,GEM,Daneman,lung_only,TRUE,FALSE,TRUE,2
Gga2,GGA2,Daneman,lung_only,TRUE,FALSE,FALSE,1
Gimap4,GIMAP4,Daneman,lung_only,TRUE,FALSE,TRUE,2
Gimap8,GIMAP8,Daneman,liver_only,TRUE,FALSE,TRUE,2
Gja1,GJA1,Daneman,lung_only,TRUE,FALSE,FALSE,1
Gjb2,GJB2,Munji,NA,TRUE,FALSE,FALSE,1
Glb1,GLB1,Both,lung_only,TRUE,FALSE,FALSE,1
Glcci1,GLCCI1,Both,liver_only,TRUE,FALSE,FALSE,1
Glrx2,GLRX2,Daneman,lung_only,TRUE,FALSE,FALSE,1
Gls,GLS,Daneman,liver_only,TRUE,FALSE,FALSE,1
Glt8d1,GLT8D1,Daneman,liver_only,TRUE,FALSE,FALSE,1
Gltscr2,GLTSCR2,Daneman,lung_only,FALSE,FALSE,FALSE,0
Glul,GLUL,Munji,NA,TRUE,FALSE,FALSE,1
Gmfg,GMFG,Daneman,lung_only,TRUE,FALSE,FALSE,1
Gmpr,GMPR,Daneman,lung_only,TRUE,FALSE,FALSE,1
Gmps,GMPS,Daneman,lung_only,TRUE,FALSE,FALSE,1
Gna12,GNA12,Daneman,lung_only,TRUE,FALSE,FALSE,1
Gna13,GNA13,Daneman,lung_only,TRUE,FALSE,FALSE,1
Gnai1,GNAI1,Daneman,lung_only,TRUE,FALSE,FALSE,1
Gnb1,GNB1,Daneman,liver_and_lung,TRUE,FALSE,FALSE,1
Gng12,GNG12,Daneman,lung_only,TRUE,FALSE,FALSE,1
Gng7,GNG7,Munji,NA,TRUE,FALSE,FALSE,1
Golga4,GOLGA4,Daneman,liver_only,TRUE,FALSE,FALSE,1
Gorasp2,GORASP2,Daneman,lung_only,TRUE,FALSE,FALSE,1
Gpam,GPAM,Daneman,lung_only,TRUE,FALSE,FALSE,1
Gpcpd1,GPCPD1,Munji,NA,TRUE,FALSE,TRUE,2
Gpd2,GPD2,Both,liver_only,TRUE,FALSE,FALSE,1
Gpi1,GPI,Daneman,lung_only,TRUE,FALSE,FALSE,1
Gpm6b,GPM6B,Daneman,lung_only,TRUE,FALSE,FALSE,1
Gpr146,GPR146,Daneman,liver_only,TRUE,FALSE,FALSE,1
Gpr155,GPR155,Daneman,liver_only,TRUE,FALSE,FALSE,1
Gpr160,GPR160,Both,liver_only,TRUE,FALSE,FALSE,1
Gpr4,GPR4,Munji,NA,TRUE,FALSE,FALSE,1
Gpr56,GPR56,Daneman,liver_only,FALSE,FALSE,FALSE,0
Gpr85,GPR85,Munji,NA,TRUE,FALSE,TRUE,2
Gpr97,GPR97,Daneman,lung_only,FALSE,FALSE,FALSE,0
Gprasp1,GPRASP1,Daneman,liver_only,TRUE,FALSE,FALSE,1
Grasp,GRASP,Daneman,liver_only,TRUE,FALSE,TRUE,2
Grb14,GRB14,Daneman,liver_only,TRUE,FALSE,TRUE,2
Grb7,GRB7,Munji,NA,FALSE,FALSE,FALSE,0
Grm3,GRM3,Daneman,liver_and_lung,TRUE,FALSE,FALSE,1
Grp,GRP,Daneman,lung_only,TRUE,FALSE,FALSE,1
Grtp1,GRTP1,Daneman,liver_and_lung,TRUE,FALSE,FALSE,1
Gse1,GSE1,Munji,NA,TRUE,FALSE,TRUE,2
Gsr,GSR,Daneman,liver_and_lung,TRUE,FALSE,FALSE,1
Gstm7,GSTM2,Munji,NA,TRUE,FALSE,FALSE,1
Gstm5,GSTM3,Daneman,lung_only,TRUE,FALSE,FALSE,1
Gstm1,GSTM5,Daneman,liver_only,TRUE,FALSE,FALSE,1
Gsto1,GSTO1,Daneman,lung_only,TRUE,FALSE,FALSE,1
Gtf2e2,GTF2E2,Daneman,lung_only,TRUE,FALSE,FALSE,1
Gtf2h5,GTF2H5,Daneman,lung_only,TRUE,FALSE,FALSE,1
Gucy1a3,GUCY1A3,Daneman,liver_and_lung,TRUE,FALSE,FALSE,1
Gucy1b3,GUCY1B3,Daneman,liver_and_lung,TRUE,FALSE,FALSE,1
Gusb,GUSB,Daneman,lung_only,TRUE,FALSE,FALSE,1
H2afv,H2AFV,Daneman,liver_only,TRUE,FALSE,FALSE,1
H2afx,H2AFX,Daneman,lung_only,TRUE,FALSE,FALSE,1
H2afz,H2AFZ,Daneman,lung_only,TRUE,FALSE,FALSE,1
H3f3b,H3F3A,Daneman,liver_only,TRUE,FALSE,FALSE,1
H3f3b,H3F3B,Daneman,liver_only,TRUE,FALSE,FALSE,1
Hadhb,HADHB,Daneman,lung_only,TRUE,FALSE,FALSE,1
Hba-a1,HBA1,Munji,NA,TRUE,FALSE,FALSE,1
Hba-a1,HBA2,Munji,NA,TRUE,FALSE,FALSE,1
Hcn2,HCN2,Munji,NA,TRUE,FALSE,FALSE,1
Hdgfrp3,HDGFRP3,Daneman,liver_only,FALSE,FALSE,FALSE,0
Hdlbp,HDLBP,Daneman,lung_only,TRUE,FALSE,FALSE,1
Heca,HECA,Daneman,liver_only,TRUE,FALSE,FALSE,1
Hells,HELLS,Munji,NA,TRUE,FALSE,FALSE,1
Heph,HEPH,Daneman,lung_only,TRUE,FALSE,FALSE,1
Hexim1,HEXIM1,Daneman,liver_only,TRUE,FALSE,FALSE,1
Hiat1,HIAT1,Munji,NA,FALSE,FALSE,FALSE,0
Higd1a,HIGD1A,Daneman,liver_only,TRUE,FALSE,FALSE,1
Higd1b,HIGD1B,Daneman,liver_and_lung,TRUE,FALSE,FALSE,1
Hinfp,HINFP,Munji,NA,TRUE,FALSE,FALSE,1
Hip1r,HIP1R,Daneman,liver_only,TRUE,FALSE,FALSE,1
Hist1h1c,HIST1H1C,Daneman,liver_only,TRUE,FALSE,FALSE,1
Hist1h2bc,HIST1H2BI,Daneman,liver_only,TRUE,FALSE,FALSE,1
Hist2h2be,HIST1H2BJ,Both,liver_only,TRUE,FALSE,FALSE,1
H2-T23,HLA-E,Daneman,liver_only,TRUE,FALSE,TRUE,2
Hlf,HLF,Daneman,liver_only,TRUE,FALSE,TRUE,2
Hmgcs2,HMGCS2,Munji,NA,FALSE,FALSE,FALSE,0
Hn1,HN1,Daneman,lung_only,FALSE,FALSE,FALSE,0
Hs1bp3,HS1BP3,Daneman,liver_only,TRUE,FALSE,FALSE,1
Hs3st1,HS3ST1,Daneman,liver_only,TRUE,FALSE,FALSE,1
Hsbp1,HSBP1,Daneman,lung_only,TRUE,FALSE,FALSE,1
Hspa1a,HSPA1A,Daneman,liver_only,TRUE,FALSE,TRUE,2
Hspa1a,HSPA1B,Daneman,liver_only,TRUE,FALSE,TRUE,2
Hspb1,HSPB1,Daneman,liver_only,TRUE,FALSE,TRUE,2
Hspb8,HSPB8,Daneman,liver_only,TRUE,FALSE,TRUE,2
Htatip2,HTATIP2,Daneman,liver_only,TRUE,FALSE,FALSE,1
Htra3,HTRA3,Both,lung_only,TRUE,FALSE,FALSE,1
Id1,ID1,Daneman,liver_only,TRUE,FALSE,TRUE,2
Id2,ID2,Daneman,liver_only,TRUE,FALSE,FALSE,1
Id3,ID3,Daneman,liver_only,TRUE,FALSE,FALSE,1
Ier5,IER5,Daneman,liver_and_lung,TRUE,FALSE,FALSE,1
Ifi30,IFI30,Daneman,liver_and_lung,TRUE,FALSE,FALSE,1
Ifi35,IFI35,Daneman,liver_only,TRUE,FALSE,FALSE,1
Ifih1,IFIH1,Daneman,liver_only,TRUE,FALSE,TRUE,2
Ifit1,IFIT1B,Daneman,liver_only,TRUE,FALSE,FALSE,1
Ifit3,IFIT3,Daneman,liver_only,TRUE,FALSE,TRUE,2
Ifnar1,IFNAR1,Munji,NA,TRUE,FALSE,FALSE,1
Ift81,IFT81,Munji,NA,TRUE,FALSE,FALSE,1
Igf1r,IGF1R,Both,liver_and_lung,TRUE,FALSE,TRUE,2
Igf2,IGF2,Daneman,liver_and_lung,TRUE,FALSE,FALSE,1
Igfbp2,IGFBP2,Daneman,lung_only,TRUE,FALSE,TRUE,2
Igfbp4,IGFBP4,Daneman,lung_only,TRUE,FALSE,FALSE,1
Igsf5,IGSF5,Munji,NA,FALSE,FALSE,FALSE,0
Il10rb,IL10RB,Daneman,liver_only,TRUE,FALSE,FALSE,1
Il13ra1,IL13RA1,Daneman,liver_and_lung,TRUE,FALSE,TRUE,2
Il17rd,IL17RD,Munji,NA,TRUE,FALSE,FALSE,1
Il18,IL18,Daneman,liver_only,TRUE,FALSE,FALSE,1
Il27ra,IL27RA,Daneman,lung_only,TRUE,FALSE,FALSE,1
Il2rg,IL2RG,Daneman,lung_only,TRUE,FALSE,FALSE,1
Il6ra,IL6R,Munji,NA,TRUE,FALSE,FALSE,1
Ildr2,ILDR2,Munji,NA,TRUE,FALSE,FALSE,1
Impact,IMPACT,Daneman,liver_only,TRUE,FALSE,FALSE,1
Impad1,IMPAD1,Daneman,lung_only,TRUE,FALSE,FALSE,1
Impdh2,IMPDH2,Daneman,lung_only,TRUE,FALSE,FALSE,1
Incenp,INCENP,Daneman,lung_only,TRUE,FALSE,FALSE,1
Ing5,ING5,Daneman,liver_only,TRUE,FALSE,FALSE,1
Inhbb,INHBB,Daneman,lung_only,TRUE,FALSE,FALSE,1
Inpp5f,INPP5F,Both,liver_only,TRUE,FALSE,FALSE,1
Insig2,INSIG2,Daneman,liver_only,TRUE,FALSE,FALSE,1
Insr,INSR,Munji,NA,TRUE,FALSE,TRUE,2
Ints9,INTS9,Munji,NA,TRUE,FALSE,FALSE,1
Ipo9,IPO9,Daneman,lung_only,TRUE,FALSE,FALSE,1
Iqgap2,IQGAP2,Daneman,lung_only,TRUE,FALSE,TRUE,2
Irf7,IRF7,Daneman,liver_only,TRUE,FALSE,FALSE,1
Irs1,IRS1,Daneman,liver_and_lung,TRUE,FALSE,FALSE,1
Ism1,ISM1,Munji,NA,TRUE,FALSE,FALSE,1
Isyna1,ISYNA1,Munji,NA,TRUE,FALSE,FALSE,1
Itga4,ITGA4,Munji,NA,TRUE,FALSE,FALSE,1
Itga6,ITGA6,Both,liver_only,TRUE,TRUE,TRUE,3
Itga8,ITGA8,Daneman,liver_and_lung,TRUE,FALSE,TRUE,2
Itgb1,ITGB1,Daneman,lung_only,TRUE,FALSE,FALSE,1
Itgb5,ITGB5,Daneman,liver_and_lung,TRUE,FALSE,FALSE,1
Itih5,ITIH5,Both,liver_only,TRUE,FALSE,FALSE,1
Itm2a,ITM2A,Munji,NA,TRUE,FALSE,TRUE,2
Itpr3,ITPR3,Daneman,liver_only,TRUE,FALSE,TRUE,2
Itsn1,ITSN1,Daneman,liver_only,TRUE,FALSE,FALSE,1
Ivns1abp,IVNS1ABP,Daneman,liver_only,TRUE,FALSE,FALSE,1
Jam2,JAM2,Daneman,liver_only,TRUE,FALSE,TRUE,2
Jam3,JAM3,Daneman,liver_and_lung,TRUE,FALSE,FALSE,1
Jmy,JMY,Munji,NA,TRUE,FALSE,FALSE,1
Jun,JUN,Daneman,liver_only,TRUE,FALSE,TRUE,2
Junb,JUNB,Munji,NA,TRUE,FALSE,TRUE,2
Jund,JUND,Munji,NA,TRUE,TRUE,TRUE,3
Kbtbd11,KBTBD11,Munji,NA,TRUE,FALSE,FALSE,1
Kbtbd7,KBTBD7,Daneman,liver_only,TRUE,FALSE,FALSE,1
Kcnd3,KCND3,Munji,NA,TRUE,FALSE,FALSE,1
Kcne4,KCNE4,Daneman,liver_and_lung,TRUE,FALSE,FALSE,1
Kcnj2,KCNJ2,Munji,NA,TRUE,FALSE,TRUE,2
Kcnj8,KCNJ8,Daneman,liver_and_lung,TRUE,FALSE,FALSE,1
Kcnk6,KCNK6,Daneman,liver_only,TRUE,FALSE,FALSE,1
Kcnq1,KCNQ1,Daneman,lung_only,TRUE,FALSE,FALSE,1
Kcp,KCP,Munji,NA,TRUE,FALSE,FALSE,1
Kctd12,KCTD12,Daneman,liver_only,TRUE,FALSE,TRUE,2
Kctd17,KCTD17,Daneman,lung_only,TRUE,FALSE,FALSE,1
Kdelr2,KDELR2,Daneman,lung_only,TRUE,FALSE,FALSE,1
Kdm5b,KDM5B,Munji,NA,TRUE,FALSE,FALSE,1
4930523C07Rik,KIAA0040,Daneman,liver_only,TRUE,FALSE,FALSE,1
2810417H13Rik,KIAA0101,Daneman,lung_only,FALSE,FALSE,FALSE,0
4933426M11Rik,KIAA0247,Daneman,liver_only,FALSE,FALSE,FALSE,0
2810403A07Rik,KIAA0907,Daneman,liver_only,FALSE,FALSE,FALSE,0
D930015E06Rik,KIAA0922,Daneman,lung_only,FALSE,FALSE,FALSE,0
9430020K01Rik,KIAA1462,Both,liver_only,FALSE,FALSE,FALSE,0
2810474O19Rik,KIAA1551,Daneman,liver_only,TRUE,FALSE,FALSE,1
Kif16b,KIF16B,Daneman,liver_only,TRUE,FALSE,FALSE,1
Kif1c,KIF1C,Munji,NA,TRUE,FALSE,FALSE,1
Kif23,KIF23,Munji,NA,TRUE,FALSE,FALSE,1
Kif26a,KIF26A,Munji,NA,TRUE,FALSE,FALSE,1
Kif3b,KIF3B,Munji,NA,TRUE,FALSE,FALSE,1
Kifc3,KIFC3,Daneman,liver_only,TRUE,FALSE,FALSE,1
Kit,KIT,Daneman,lung_only,TRUE,FALSE,FALSE,1
Kitl,KITLG,Daneman,liver_only,TRUE,FALSE,FALSE,1
Klf11,KLF11,Munji,NA,TRUE,FALSE,FALSE,1
Klf12,KLF12,Both,liver_only,TRUE,TRUE,FALSE,2
Klf13,KLF13,Munji,NA,TRUE,FALSE,FALSE,1
Klf4,KLF4,Daneman,liver_only,TRUE,FALSE,TRUE,2
Klf7,KLF7,Daneman,liver_only,TRUE,TRUE,TRUE,3
Klf9,KLF9,Daneman,liver_only,TRUE,FALSE,FALSE,1
Klhdc3,KLHDC3,Daneman,lung_only,TRUE,FALSE,FALSE,1
Klhl2,KLHL2,Daneman,liver_only,TRUE,FALSE,TRUE,2
Klhl5,KLHL5,Daneman,liver_only,TRUE,FALSE,TRUE,2
Kpna2,KPNA2,Daneman,lung_only,TRUE,FALSE,FALSE,1
Kpnb1,KPNB1,Daneman,lung_only,TRUE,FALSE,FALSE,1
Krt222,KRT222,Munji,NA,TRUE,FALSE,FALSE,1
Lactb,LACTB,Munji,NA,TRUE,FALSE,FALSE,1
Lama2,LAMA2,Daneman,liver_and_lung,TRUE,FALSE,TRUE,2
Lama4,LAMA4,Daneman,lung_only,TRUE,FALSE,FALSE,1
Lama5,LAMA5,Daneman,liver_only,TRUE,FALSE,FALSE,1
Lamc3,LAMC3,Munji,NA,TRUE,FALSE,FALSE,1
Lancl3,LANCL3,Daneman,liver_only,TRUE,FALSE,FALSE,1
Laptm4b,LAPTM4B,Daneman,lung_only,TRUE,FALSE,FALSE,1
Laptm5,LAPTM5,Daneman,lung_only,TRUE,FALSE,FALSE,1
Lasp1,LASP1,Daneman,liver_only,TRUE,FALSE,FALSE,1
Lats2,LATS2,Daneman,liver_only,TRUE,FALSE,FALSE,1
Layn,LAYN,Munji,NA,TRUE,FALSE,FALSE,1
Lcp1,LCP1,Daneman,lung_only,TRUE,FALSE,TRUE,2
Ldb2,LDB2,Daneman,lung_only,TRUE,FALSE,TRUE,2
Ldlrad3,LDLRAD3,Munji,NA,TRUE,FALSE,TRUE,2
Lef1,LEF1,Munji,NA,TRUE,TRUE,TRUE,3
Leprotl1,LEPROTL1,Daneman,lung_only,TRUE,FALSE,FALSE,1
Lgals1,LGALS1,Daneman,liver_and_lung,TRUE,FALSE,TRUE,2
Lgals3bp,LGALS3BP,Daneman,liver_only,TRUE,FALSE,FALSE,1
Lgals7,LGALS7,Daneman,liver_and_lung,FALSE,FALSE,FALSE,0
Lgals7,LGALS7B,Daneman,liver_and_lung,TRUE,FALSE,FALSE,1
Lgmn,LGMN,Daneman,lung_only,TRUE,FALSE,FALSE,1
Lgr4,LGR4,Munji,NA,TRUE,FALSE,FALSE,1
Lhfp,LHFP,Daneman,liver_and_lung,FALSE,FALSE,FALSE,0
Lifr,LIFR,Daneman,liver_only,TRUE,TRUE,TRUE,3
Lims2,LIMS2,Daneman,liver_only,TRUE,FALSE,TRUE,2
Lin7a,LIN7A,Daneman,liver_and_lung,TRUE,FALSE,FALSE,1
Litaf,LITAF,Daneman,lung_only,TRUE,FALSE,TRUE,2
Lmbr1,LMBR1,Daneman,lung_only,TRUE,FALSE,TRUE,2
Lmcd1,LMCD1,Daneman,liver_only,TRUE,FALSE,FALSE,1
Lmo7,LMO7,Daneman,liver_only,TRUE,FALSE,FALSE,1
Lnpep,LNPEP,Daneman,liver_only,TRUE,FALSE,FALSE,1
Lnx2,LNX2,Both,liver_only,TRUE,FALSE,FALSE,1
6330403K07Rik,LOC728392,Munji,NA,FALSE,FALSE,FALSE,0
Lphn1,LPHN1,Daneman,lung_only,FALSE,FALSE,FALSE,0
Lphn3,LPHN3,Daneman,lung_only,FALSE,FALSE,FALSE,0
Lpp,LPP,Daneman,liver_and_lung,TRUE,FALSE,TRUE,2
Lrch1,LRCH1,Daneman,liver_only,TRUE,FALSE,TRUE,2
Lrp1,LRP1,Daneman,liver_and_lung,TRUE,FALSE,FALSE,1
Lrp6,LRP6,Munji,NA,TRUE,FALSE,TRUE,2
Lrp8,LRP8,Munji,NA,TRUE,FALSE,TRUE,2
Lrrc47,LRRC47,Munji,NA,TRUE,FALSE,FALSE,1
Lrrc49,LRRC49,Both,liver_only,TRUE,FALSE,FALSE,1
Lrrk1,LRRK1,Daneman,liver_only,TRUE,FALSE,FALSE,1
Lrrn3,LRRN3,Munji,NA,TRUE,FALSE,FALSE,1
Lsm4,LSM4,Daneman,lung_only,TRUE,FALSE,FALSE,1
Lsr,LSR,Munji,NA,TRUE,FALSE,TRUE,2
Ltbp3,LTBP3,Daneman,liver_and_lung,TRUE,FALSE,FALSE,1
Ltbp4,LTBP4,Daneman,liver_only,TRUE,FALSE,TRUE,2
Ltbr,LTBR,Daneman,lung_only,TRUE,FALSE,FALSE,1
Luc7l2,LUC7L2,Daneman,liver_and_lung,TRUE,FALSE,FALSE,1
Lxn,LXN,Daneman,lung_only,TRUE,FALSE,FALSE,1
Ly6e,LY6E,Daneman,liver_only,TRUE,FALSE,TRUE,2
Ly75,LY75,Both,lung_only,TRUE,FALSE,FALSE,1
Ly96,LY96,Daneman,lung_only,TRUE,FALSE,FALSE,1
Lyn,LYN,Daneman,lung_only,TRUE,FALSE,TRUE,2
Lynx1,LYNX1,Daneman,liver_only,TRUE,FALSE,FALSE,1
Lysmd2,LYSMD2,Daneman,liver_only,TRUE,FALSE,FALSE,1
Lzts1,LZTS1,Munji,NA,TRUE,FALSE,FALSE,1
M6pr,M6PR,Daneman,lung_only,TRUE,FALSE,FALSE,1
Mad2l1,MAD2L1,Daneman,lung_only,TRUE,FALSE,FALSE,1
Maged2,MAGED2,Daneman,lung_only,TRUE,FALSE,FALSE,1
Mal,MAL,Daneman,liver_only,TRUE,FALSE,FALSE,1
Man1a,MAN1A1,Daneman,lung_only,TRUE,FALSE,FALSE,1
Man1c1,MAN1C1,Daneman,lung_only,TRUE,FALSE,FALSE,1
Maoa,MAOA,Munji,NA,TRUE,FALSE,FALSE,1
Maob,MAOB,Both,liver_only,TRUE,FALSE,FALSE,1
Map2k5,MAP2K5,Daneman,lung_only,TRUE,FALSE,FALSE,1
Map4k4,MAP4K4,Daneman,lung_only,TRUE,FALSE,FALSE,1
Map4k5,MAP4K5,Daneman,lung_only,TRUE,FALSE,FALSE,1
Mapk11,MAPK11,Daneman,lung_only,TRUE,FALSE,FALSE,1
Mapk6,MAPK6,Daneman,lung_only,TRUE,FALSE,FALSE,1
Mapkbp1,MAPKBP1,Daneman,lung_only,TRUE,FALSE,FALSE,1
Marcksl1,MARCKSL1,Daneman,lung_only,TRUE,FALSE,FALSE,1
Marveld1,MARVELD1,Daneman,liver_only,TRUE,FALSE,FALSE,1
Mast4,MAST4,Daneman,liver_only,TRUE,FALSE,TRUE,2
Mat2a,MAT2A,Daneman,liver_only,TRUE,FALSE,TRUE,2
Max,MAX,Munji,NA,TRUE,FALSE,FALSE,1
Mbd1,MBD1,Daneman,liver_and_lung,TRUE,FALSE,FALSE,1
Mboat1,MBOAT1,Munji,NA,TRUE,FALSE,FALSE,1
Mbp,MBP,Daneman,liver_only,TRUE,FALSE,TRUE,2
Mbtd1,MBTD1,Daneman,lung_only,TRUE,FALSE,FALSE,1
Mcc,MCC,Daneman,liver_only,TRUE,FALSE,TRUE,2
Mcf2l,MCF2L,Both,liver_only,TRUE,FALSE,TRUE,2
Mcl1,MCL1,Daneman,liver_only,TRUE,FALSE,FALSE,1
Mcm2,MCM2,Daneman,lung_only,TRUE,FALSE,FALSE,1
Mcm3,MCM3,Daneman,lung_only,TRUE,FALSE,FALSE,1
Mcm5,MCM5,Daneman,lung_only,TRUE,FALSE,FALSE,1
Mcm7,MCM7,Daneman,lung_only,TRUE,FALSE,FALSE,1
Mdh1,MDH1,Daneman,liver_and_lung,TRUE,FALSE,FALSE,1
Mdk,MDK,Daneman,lung_only,TRUE,FALSE,TRUE,2
Mecp2,MECP2,Daneman,liver_only,TRUE,FALSE,FALSE,1
Meox1,MEOX1,Daneman,lung_only,TRUE,FALSE,FALSE,1
Mertk,MERTK,Daneman,liver_only,TRUE,TRUE,TRUE,3
Mest,MEST,Daneman,lung_only,TRUE,FALSE,FALSE,1
Metap2,METAP2,Daneman,lung_only,TRUE,FALSE,FALSE,1
Mfap3l,MFAP3L,Daneman,lung_only,TRUE,FALSE,FALSE,1
Mfhas1,MFHAS1,Munji,NA,TRUE,FALSE,FALSE,1
Mfsd2a,MFSD2A,Munji,NA,TRUE,FALSE,TRUE,2
Mfsd4,MFSD4,Munji,NA,FALSE,FALSE,FALSE,0
Mgp,MGP,Daneman,liver_only,TRUE,FALSE,TRUE,2
Mgst1,MGST1,Daneman,liver_only,TRUE,FALSE,FALSE,1
Mier1,MIER1,Daneman,liver_only,TRUE,FALSE,FALSE,1
Mif,MIF,Daneman,lung_only,TRUE,FALSE,FALSE,1
Mif4gd,MIF4GD,Munji,NA,TRUE,FALSE,FALSE,1
Mink1,MINK1,Munji,NA,TRUE,FALSE,FALSE,1
Minpp1,MINPP1,Daneman,liver_and_lung,TRUE,FALSE,FALSE,1
Mipol1,MIPOL1,Munji,NA,TRUE,FALSE,FALSE,1
Mki67,MKI67,Daneman,lung_only,TRUE,FALSE,FALSE,1
Mkl2,MKL2,Both,liver_only,TRUE,TRUE,FALSE,2
Mkrn1,MKRN1,Daneman,liver_only,TRUE,FALSE,FALSE,1
Mllt11,MLLT11,Munji,NA,TRUE,FALSE,FALSE,1
Mmd,MMD,Daneman,lung_only,TRUE,FALSE,FALSE,1
Mmp15,MMP15,Daneman,lung_only,TRUE,FALSE,FALSE,1
Mmp2,MMP2,Daneman,lung_only,TRUE,FALSE,FALSE,1
Mmp23,MMP23B,Munji,NA,TRUE,FALSE,FALSE,1
Mmp25,MMP25,Munji,NA,TRUE,FALSE,FALSE,1
Mmrn1,MMRN1,Daneman,lung_only,TRUE,FALSE,FALSE,1
Mob3b,MOB3B,Munji,NA,TRUE,FALSE,TRUE,2
Morc3,MORC3,Daneman,liver_only,TRUE,FALSE,FALSE,1
Morf4l2,MORF4L2,Daneman,lung_only,TRUE,FALSE,FALSE,1
Mospd2,MOSPD2,Daneman,liver_only,TRUE,FALSE,FALSE,1
Mrpl2,MRPL2,Daneman,lung_only,TRUE,FALSE,FALSE,1
Mrpl20,MRPL20,Daneman,lung_only,TRUE,FALSE,FALSE,1
Mrpl27,MRPL27,Daneman,lung_only,TRUE,FALSE,FALSE,1
Mrp63,MRPL57,Daneman,lung_only,TRUE,FALSE,FALSE,1
Mrps28,MRPS28,Daneman,lung_only,TRUE,FALSE,FALSE,1
Mta1,MTA1,Munji,NA,TRUE,FALSE,FALSE,1
Mtch1,MTCH1,Daneman,lung_only,TRUE,FALSE,FALSE,1
Mtfr1,MTFR1,Daneman,liver_only,TRUE,FALSE,FALSE,1
Mtmr6,MTMR6,Munji,NA,TRUE,FALSE,FALSE,1
Mtmr9,MTMR9,Daneman,liver_only,TRUE,FALSE,FALSE,1
Mtus1,MTUS1,Daneman,liver_only,TRUE,FALSE,TRUE,2
Mtx2,MTX2,Daneman,lung_only,TRUE,FALSE,FALSE,1
Murc,MURC,Munji,NA,FALSE,FALSE,FALSE,0
Mvp,MVP,Daneman,liver_only,TRUE,FALSE,FALSE,1
Mxd3,MXD3,Munji,NA,TRUE,FALSE,FALSE,1
Mxra8,MXRA8,Daneman,lung_only,TRUE,FALSE,FALSE,1
Myct1,MYCT1,Daneman,lung_only,TRUE,FALSE,TRUE,2
Myh10,MYH10,Daneman,lung_only,TRUE,FALSE,FALSE,1
Myl9,MYL9,Daneman,liver_and_lung,TRUE,FALSE,TRUE,2
Mylk,MYLK,Daneman,liver_and_lung,TRUE,FALSE,TRUE,2
Myo18a,MYO18A,Daneman,lung_only,TRUE,FALSE,FALSE,1
Myo1b,MYO1B,Daneman,liver_and_lung,TRUE,FALSE,FALSE,1
Myo1d,MYO1D,Daneman,liver_only,TRUE,FALSE,FALSE,1
Myrip,MYRIP,Daneman,liver_only,TRUE,FALSE,TRUE,2
Naalad2,NAALAD2,Daneman,liver_and_lung,TRUE,FALSE,FALSE,1
Nacc1,NACC1,Munji,NA,TRUE,FALSE,FALSE,1
Nanos1,NANOS1,Munji,NA,TRUE,FALSE,FALSE,1
Nap1l1,NAP1L1,Daneman,lung_only,TRUE,FALSE,FALSE,1
Nap1l3,NAP1L3,Daneman,liver_only,TRUE,FALSE,FALSE,1
Napepld,NAPEPLD,Munji,NA,TRUE,FALSE,FALSE,1
Narf,NARF,Munji,NA,TRUE,FALSE,FALSE,1
Narg2,NARG2,Daneman,liver_only,FALSE,FALSE,FALSE,0
Nasp,NASP,Daneman,lung_only,TRUE,FALSE,FALSE,1
Cml1,NAT8B,Daneman,liver_only,TRUE,FALSE,FALSE,1
Nav2,NAV2,Munji,NA,TRUE,FALSE,FALSE,1
Nbeal2,NBEAL2,Daneman,liver_only,TRUE,FALSE,FALSE,1
Ncl,NCL,Daneman,lung_only,TRUE,FALSE,FALSE,1
Ncoa1,NCOA1,Munji,NA,TRUE,FALSE,TRUE,2
Nde1,NDE1,Daneman,liver_and_lung,TRUE,FALSE,FALSE,1
Ndel1,NDEL1,Daneman,liver_only,TRUE,FALSE,FALSE,1
Ndfip1,NDFIP1,Daneman,lung_only,TRUE,FALSE,FALSE,1
Ndn,NDN,Daneman,lung_only,TRUE,FALSE,FALSE,1
Ndrg1,NDRG1,Both,liver_only,TRUE,FALSE,TRUE,2
Ndst1,NDST1,Daneman,lung_only,TRUE,FALSE,FALSE,1
Ndufa11,NDUFA11,Daneman,lung_only,TRUE,FALSE,FALSE,1
Ndufb5,NDUFB5,Daneman,lung_only,TRUE,FALSE,FALSE,1
Ndufs2,NDUFS2,Daneman,lung_only,TRUE,FALSE,FALSE,1
Ndufs4,NDUFS4,Daneman,lung_only,TRUE,FALSE,FALSE,1
Ndufv1,NDUFV1,Daneman,lung_only,TRUE,FALSE,FALSE,1
Necap2,NECAP2,Daneman,lung_only,TRUE,FALSE,FALSE,1
Nedd9,NEDD9,Daneman,liver_only,TRUE,FALSE,TRUE,2
Nek1,NEK1,Daneman,liver_only,TRUE,FALSE,FALSE,1
Nek3,NEK3,Munji,NA,TRUE,FALSE,TRUE,2
Nek6,NEK6,Daneman,lung_only,TRUE,FALSE,FALSE,1
Nek7,NEK7,Daneman,liver_only,TRUE,TRUE,FALSE,2
Net1,NET1,Munji,NA,TRUE,FALSE,TRUE,2
Neurl2,NEURL2,Munji,NA,TRUE,FALSE,FALSE,1
Nfatc1,NFATC1,Daneman,liver_only,TRUE,FALSE,FALSE,1
Nfatc2ip,NFATC2IP,Munji,NA,TRUE,FALSE,FALSE,1
Nfib,NFIB,Daneman,liver_only,TRUE,FALSE,TRUE,2
Nfic,NFIC,Munji,NA,TRUE,FALSE,FALSE,1
Nfix,NFIX,Daneman,liver_only,TRUE,FALSE,FALSE,1
Ngrn,NGRN,Daneman,liver_only,TRUE,FALSE,FALSE,1
Nhsl1,NHSL1,Munji,NA,TRUE,FALSE,FALSE,1
Nid1,NID1,Daneman,liver_and_lung,TRUE,FALSE,FALSE,1
Nid2,NID2,Daneman,lung_only,TRUE,FALSE,FALSE,1
Nipa2,NIPA2,Daneman,lung_only,TRUE,FALSE,FALSE,1
Nme1,NME1,Daneman,lung_only,TRUE,FALSE,FALSE,1
Nomo1,NOMO1,Both,lung_only,TRUE,FALSE,FALSE,1
Nomo1,NOMO2,Both,lung_only,TRUE,FALSE,FALSE,1
Nomo1,NOMO3,Both,lung_only,TRUE,FALSE,FALSE,1
Notch3,NOTCH3,Daneman,liver_and_lung,TRUE,FALSE,TRUE,2
Notum,NOTUM,Munji,NA,TRUE,FALSE,FALSE,1
Nov,NOV,Daneman,liver_only,TRUE,FALSE,FALSE,1
Npl,NPL,Daneman,lung_only,TRUE,FALSE,FALSE,1
Npm1,NPM1,Daneman,lung_only,TRUE,FALSE,TRUE,2
Npnt,NPNT,Daneman,lung_only,TRUE,FALSE,FALSE,1
Npr2,NPR2,Daneman,liver_only,TRUE,FALSE,FALSE,1
Nr1d1,NR1D1,Daneman,liver_only,TRUE,FALSE,FALSE,1
Nr2f1,NR2F1,Daneman,liver_and_lung,TRUE,FALSE,FALSE,1
Nr2f2,NR2F2,Daneman,liver_and_lung,TRUE,FALSE,TRUE,2
Nr2f6,NR2F6,Daneman,lung_only,TRUE,FALSE,FALSE,1
Nr3c1,NR3C1,Daneman,liver_only,TRUE,FALSE,FALSE,1
Nr4a1,NR4A1,Munji,NA,TRUE,FALSE,TRUE,2
Nrarp,NRARP,Daneman,lung_only,TRUE,FALSE,FALSE,1
Nrip1,NRIP1,Daneman,lung_only,TRUE,FALSE,FALSE,1
Nrp2,NRP2,Daneman,lung_only,TRUE,FALSE,FALSE,1
Nsmce1,NSMCE1,Daneman,lung_only,TRUE,FALSE,FALSE,1
Nsun5,NSUN5,Munji,NA,TRUE,FALSE,FALSE,1
Nt5c2,NT5C2,Both,liver_only,TRUE,FALSE,FALSE,1
Ntn1,NTN1,Daneman,liver_and_lung,TRUE,FALSE,FALSE,1
Ntn4,NTN4,Daneman,liver_only,TRUE,FALSE,TRUE,2
Nubpl,NUBPL,Daneman,lung_only,TRUE,FALSE,FALSE,1
Nudt12,NUDT12,Munji,NA,TRUE,FALSE,FALSE,1
Nudt21,NUDT21,Daneman,lung_only,TRUE,FALSE,FALSE,1
Nup210,NUP210,Daneman,lung_only,TRUE,FALSE,FALSE,1
Nup98,NUP98,Daneman,liver_only,TRUE,FALSE,FALSE,1
Oas1a,OAS1,Daneman,liver_only,TRUE,FALSE,FALSE,1
Oaz1,OAZ1,Daneman,lung_only,TRUE,FALSE,TRUE,2
Ocln,OCLN,Munji,NA,TRUE,FALSE,TRUE,2
Ogn,OGN,Daneman,liver_and_lung,TRUE,FALSE,FALSE,1
Ogt,OGT,Daneman,liver_only,TRUE,FALSE,FALSE,1
Olfm1,OLFM1,Daneman,lung_only,TRUE,FALSE,FALSE,1
Oraov1,ORAOV1,Daneman,liver_only,TRUE,FALSE,FALSE,1
Osbpl1a,OSBPL1A,Both,liver_only,TRUE,FALSE,FALSE,1
Osbpl2,OSBPL2,Daneman,liver_only,TRUE,FALSE,FALSE,1
Osbpl9,OSBPL9,Daneman,liver_only,TRUE,FALSE,FALSE,1
Otud1,OTUD1,Daneman,liver_only,TRUE,FALSE,FALSE,1
Otud7b,OTUD7B,Munji,NA,TRUE,FALSE,FALSE,1
Oxa1l,OXA1L,Daneman,lung_only,TRUE,FALSE,FALSE,1
Oxr1,OXR1,Daneman,liver_only,TRUE,FALSE,FALSE,1
P2rx4,P2RX4,Daneman,liver_only,TRUE,FALSE,FALSE,1
P2ry14,P2RY14,Daneman,liver_and_lung,TRUE,FALSE,FALSE,1
P4ha1,P4HA1,Daneman,liver_and_lung,TRUE,FALSE,FALSE,1
Pacsin3,PACSIN3,Daneman,liver_only,TRUE,FALSE,FALSE,1
Palm,PALM,Daneman,liver_only,TRUE,FALSE,FALSE,1
Palmd,PALMD,Munji,NA,TRUE,FALSE,TRUE,2
Paqr5,PAQR5,Both,liver_only,TRUE,FALSE,FALSE,1
Pard6g,PARD6G,Daneman,lung_only,TRUE,FALSE,FALSE,1
Parp12,PARP12,Daneman,liver_only,TRUE,FALSE,TRUE,2
Parp14,PARP14,Daneman,liver_only,TRUE,FALSE,TRUE,2
Parp9,PARP9,Daneman,liver_only,TRUE,FALSE,TRUE,2
Parva,PARVA,Daneman,liver_and_lung,TRUE,FALSE,FALSE,1
Parvb,PARVB,Munji,NA,TRUE,TRUE,TRUE,3
Patz1,PATZ1,Munji,NA,TRUE,FALSE,FALSE,1
Pbx1,PBX1,Daneman,liver_only,TRUE,FALSE,FALSE,1
Pcx,PC,Both,lung_only,TRUE,FALSE,FALSE,1
Pcca,PCCA,Munji,NA,TRUE,FALSE,TRUE,2
Pcdh12,PCDH12,Daneman,lung_only,TRUE,FALSE,FALSE,1
Pcdh17,PCDH17,Daneman,lung_only,TRUE,FALSE,TRUE,2
Pcdh19,PCDH19,Munji,NA,TRUE,FALSE,FALSE,1
Pcgf5,PCGF5,Daneman,liver_only,TRUE,FALSE,FALSE,1
Pcmtd1,PCMTD1,Munji,NA,TRUE,FALSE,TRUE,2
Pcmtd2,PCMTD2,Daneman,liver_only,TRUE,FALSE,FALSE,1
Pcolce,PCOLCE,Daneman,liver_and_lung,TRUE,FALSE,FALSE,1
Pde2a,PDE2A,Daneman,liver_only,TRUE,FALSE,FALSE,1
Pde3b,PDE3B,Daneman,lung_only,TRUE,FALSE,FALSE,1
Pde4b,PDE4B,Daneman,lung_only,TRUE,FALSE,TRUE,2
Pde8b,PDE8B,Daneman,liver_and_lung,TRUE,FALSE,FALSE,1
Pdgfrb,PDGFRB,Daneman,liver_and_lung,TRUE,FALSE,TRUE,2
Pdia3,PDIA3,Daneman,lung_only,TRUE,FALSE,FALSE,1
Pdik1l,PDIK1L,Daneman,liver_only,TRUE,FALSE,FALSE,1
Pdk2,PDK2,Munji,NA,TRUE,FALSE,FALSE,1
Pdlim5,PDLIM5,Daneman,liver_only,TRUE,FALSE,FALSE,1
Pdlim7,PDLIM7,Daneman,lung_only,TRUE,FALSE,TRUE,2
Pdxk,PDXK,Both,liver_only,TRUE,FALSE,TRUE,2
Per1,PER1,Munji,NA,TRUE,FALSE,FALSE,1
Perp,PERP,Daneman,liver_and_lung,TRUE,FALSE,FALSE,1
Pfkfb3,PFKFB3,Daneman,lung_only,TRUE,FALSE,FALSE,1
Pfkp,PFKP,Daneman,lung_only,TRUE,FALSE,FALSE,1
Pfn1,PFN1,Daneman,lung_only,TRUE,FALSE,TRUE,2
Pgd,PGD,Daneman,lung_only,TRUE,FALSE,FALSE,1
Pglyrp1,PGLYRP1,Munji,NA,FALSE,FALSE,FALSE,0
Pgm2,PGM1,Daneman,lung_only,TRUE,FALSE,FALSE,1
Pgm1,PGM2,Daneman,lung_only,TRUE,FALSE,FALSE,1
Phactr1,PHACTR1,Daneman,liver_only,TRUE,FALSE,FALSE,1
Phactr4,PHACTR4,Daneman,liver_only,TRUE,FALSE,FALSE,1
Phb,PHB,Daneman,lung_only,TRUE,FALSE,FALSE,1
Phb2,PHB2,Daneman,lung_only,TRUE,FALSE,FALSE,1
Phc3,PHC3,Daneman,liver_only,TRUE,FALSE,FALSE,1
Phf2,PHF2,Munji,NA,TRUE,FALSE,FALSE,1
Phf20,PHF20,Daneman,liver_only,TRUE,FALSE,FALSE,1
Phgdh,PHGDH,Daneman,lung_only,TRUE,FALSE,FALSE,1
Phlda1,PHLDA1,Daneman,lung_only,TRUE,FALSE,FALSE,1
Phpt1,PHPT1,Daneman,lung_only,TRUE,FALSE,TRUE,2
Phyhipl,PHYHIPL,Daneman,liver_only,TRUE,FALSE,FALSE,1
Pias1,PIAS1,Daneman,liver_only,TRUE,FALSE,TRUE,2
Picalm,PICALM,Daneman,liver_only,TRUE,FALSE,TRUE,2
Pigx,PIGX,Daneman,lung_only,TRUE,FALSE,FALSE,1
Pik3cg,PIK3CG,Daneman,lung_only,TRUE,FALSE,FALSE,1
Pir,PIR,Daneman,liver_only,TRUE,FALSE,FALSE,1
Pitrm1,PITRM1,Daneman,lung_only,TRUE,FALSE,FALSE,1
Pkig,PKIG,Daneman,liver_only,TRUE,FALSE,FALSE,1
Pla2g6,PLA2G6,Munji,NA,TRUE,FALSE,FALSE,1
Pla2g7,PLA2G7,Daneman,liver_and_lung,TRUE,FALSE,FALSE,1
Plagl1,PLAGL1,Daneman,lung_only,TRUE,FALSE,FALSE,1
Plcb1,PLCB1,Daneman,liver_only,TRUE,FALSE,TRUE,2
Plcb4,PLCB4,Daneman,liver_only,TRUE,FALSE,TRUE,2
Plce1,PLCE1,Daneman,liver_and_lung,TRUE,FALSE,TRUE,2
Pld1,PLD1,Daneman,liver_and_lung,TRUE,FALSE,FALSE,1
Pld2,PLD2,Daneman,liver_only,TRUE,FALSE,FALSE,1
Pld3,PLD3,Daneman,lung_only,TRUE,FALSE,FALSE,1
Plekha2,PLEKHA2,Daneman,liver_only,TRUE,FALSE,FALSE,1
Plekhb2,PLEKHB2,Daneman,liver_only,TRUE,FALSE,FALSE,1
Plekhg5,PLEKHG5,Munji,NA,TRUE,FALSE,FALSE,1
Plekhh1,PLEKHH1,Daneman,lung_only,TRUE,FALSE,FALSE,1
Plekhh2,PLEKHH2,Munji,NA,TRUE,FALSE,FALSE,1
Plekhn1,PLEKHN1,Munji,NA,TRUE,FALSE,FALSE,1
Pllp,PLLP,Daneman,liver_only,TRUE,FALSE,TRUE,2
Plp2,PLP2,Daneman,lung_only,TRUE,FALSE,TRUE,2
Plscr1,PLSCR1,Daneman,liver_only,TRUE,TRUE,TRUE,3
Plscr4,PLSCR4,Daneman,liver_only,TRUE,TRUE,TRUE,3
Pltp,PLTP,Munji,NA,TRUE,FALSE,FALSE,1
Plvap,PLVAP,Daneman,lung_only,TRUE,FALSE,FALSE,1
Plxdc1,PLXDC1,Daneman,liver_and_lung,TRUE,FALSE,FALSE,1
Plxdc2,PLXDC2,Daneman,liver_and_lung,TRUE,FALSE,TRUE,2
Plxna2,PLXNA2,Daneman,liver_only,TRUE,FALSE,TRUE,2
Plxnb1,PLXNB1,Daneman,liver_and_lung,TRUE,FALSE,FALSE,1
Plxnb2,PLXNB2,Daneman,liver_and_lung,TRUE,FALSE,FALSE,1
Plxnd1,PLXND1,Daneman,lung_only,TRUE,FALSE,TRUE,2
Pmepa1,PMEPA1,Munji,NA,TRUE,FALSE,TRUE,2
Pml,PML,Daneman,liver_only,TRUE,FALSE,FALSE,1
Pnpla6,PNPLA6,Munji,NA,TRUE,FALSE,FALSE,1
Pole4,POLE4,Daneman,liver_only,TRUE,FALSE,FALSE,1
Polg2,POLG2,Daneman,liver_only,TRUE,FALSE,FALSE,1
Polk,POLK,Both,liver_only,TRUE,FALSE,FALSE,1
Pomc,POMC,Munji,NA,TRUE,FALSE,FALSE,1
Porcn,PORCN,Munji,NA,TRUE,FALSE,FALSE,1
Ppapdc2,PPAPDC2,Munji,NA,FALSE,FALSE,FALSE,0
Ppard,PPARD,Munji,NA,TRUE,FALSE,TRUE,2
Ppic,PPIC,Daneman,lung_only,TRUE,FALSE,FALSE,1
Ppm1a,PPM1A,Daneman,liver_only,TRUE,FALSE,FALSE,1
Ppm1h,PPM1H,Munji,NA,TRUE,FALSE,TRUE,2
Ppp1r14a,PPP1R14A,Daneman,liver_and_lung,TRUE,FALSE,TRUE,2
Ppp1r14b,PPP1R14B,Daneman,lung_only,TRUE,FALSE,FALSE,1
Ppp1r2,PPP1R2,Daneman,liver_only,TRUE,FALSE,FALSE,1
Ppp1r35,PPP1R35,Munji,NA,TRUE,FALSE,FALSE,1
Ppp1r7,PPP1R7,Daneman,liver_only,TRUE,FALSE,FALSE,1
Ppp1r8,PPP1R8,Munji,NA,TRUE,FALSE,FALSE,1
Ppp1r9a,PPP1R9A,Daneman,lung_only,TRUE,FALSE,FALSE,1
Ppp2cb,PPP2CB,Daneman,lung_only,TRUE,FALSE,FALSE,1
Ppp3cc,PPP3CC,Both,liver_only,TRUE,FALSE,FALSE,1
Ppp5c,PPP5C,Daneman,lung_only,TRUE,FALSE,FALSE,1
Prcp,PRCP,Daneman,lung_only,TRUE,FALSE,FALSE,1
Prdm1,PRDM1,Daneman,lung_only,TRUE,FALSE,FALSE,1
Prdm16,PRDM16,Daneman,liver_only,TRUE,FALSE,FALSE,1
Prdm9,PRDM9,Munji,NA,FALSE,FALSE,FALSE,0
Prdx2,PRDX2,Daneman,lung_only,TRUE,FALSE,FALSE,1
Prdx3,PRDX3,Daneman,liver_and_lung,TRUE,FALSE,FALSE,1
Prdx4,PRDX4,Daneman,lung_only,TRUE,FALSE,FALSE,1
Prdx5,PRDX5,Daneman,lung_only,TRUE,FALSE,FALSE,1
Prdx6,PRDX6,Daneman,lung_only,TRUE,FALSE,FALSE,1
Prelp,PRELP,Daneman,liver_and_lung,TRUE,FALSE,TRUE,2
Prep,PREP,Daneman,lung_only,TRUE,FALSE,FALSE,1
Prickle1,PRICKLE1,Daneman,liver_only,TRUE,FALSE,FALSE,1
Prickle2,PRICKLE2,Daneman,liver_and_lung,TRUE,FALSE,TRUE,2
Prkar1b,PRKAR1B,Daneman,liver_and_lung,TRUE,FALSE,FALSE,1
Prkch,PRKCH,Daneman,liver_only,TRUE,FALSE,TRUE,2
Prnd,PRND,Daneman,lung_only,TRUE,FALSE,FALSE,1
Prnp,PRNP,Daneman,lung_only,TRUE,FALSE,FALSE,1
Prom1,PROM1,Both,liver_only,TRUE,FALSE,FALSE,1
Prpf39,PRPF39,Daneman,liver_only,TRUE,FALSE,FALSE,1
Prpf4b,PRPF4B,Daneman,liver_only,TRUE,FALSE,FALSE,1
Prr12,PRR12,Munji,NA,TRUE,FALSE,FALSE,1
Prss23,PRSS23,Daneman,liver_only,TRUE,FALSE,TRUE,2
Prune,PRUNE,Munji,NA,FALSE,FALSE,FALSE,0
Psat1,PSAT1,Daneman,lung_only,TRUE,FALSE,FALSE,1
Psip1,PSIP1,Daneman,lung_only,TRUE,FALSE,FALSE,1
Psma5,PSMA5,Daneman,lung_only,TRUE,FALSE,FALSE,1
Psmb10,PSMB10,Daneman,liver_only,TRUE,FALSE,FALSE,1
Psmb2,PSMB2,Daneman,lung_only,TRUE,FALSE,FALSE,1
Psmb4,PSMB4,Daneman,lung_only,TRUE,FALSE,FALSE,1
Psmc4,PSMC4,Daneman,lung_only,TRUE,FALSE,FALSE,1
Psmc5,PSMC5,Daneman,lung_only,TRUE,FALSE,FALSE,1
Psmd13,PSMD13,Daneman,lung_only,TRUE,FALSE,FALSE,1
Psmd8,PSMD8,Daneman,lung_only,TRUE,FALSE,FALSE,1
Ptdss2,PTDSS2,Daneman,lung_only,TRUE,FALSE,FALSE,1
Pten,PTEN,Daneman,liver_and_lung,TRUE,FALSE,FALSE,1
Ptgds,PTGDS,Munji,NA,TRUE,FALSE,TRUE,2
Ptger4,PTGER4,Daneman,liver_only,TRUE,FALSE,FALSE,1
Ptgfrn,PTGFRN,Daneman,lung_only,TRUE,FALSE,FALSE,1
Ptgis,PTGIS,Daneman,lung_only,TRUE,FALSE,FALSE,1
Ptn,PTN,Both,liver_only,TRUE,FALSE,TRUE,2
Ptov1,PTOV1,Daneman,lung_only,TRUE,FALSE,FALSE,1
Ptp4a3,PTP4A3,Daneman,lung_only,TRUE,FALSE,FALSE,1
Ptpla,PTPLA,Daneman,lung_only,FALSE,FALSE,FALSE,0
Ptpn9,PTPN9,Daneman,liver_and_lung,TRUE,FALSE,FALSE,1
Ptpre,PTPRE,Daneman,lung_only,TRUE,FALSE,FALSE,1
Ptprf,PTPRF,Daneman,lung_only,TRUE,FALSE,FALSE,1
Ptprk,PTPRK,Daneman,lung_only,TRUE,FALSE,FALSE,1
Ptprr,PTPRR,Daneman,liver_only,TRUE,FALSE,TRUE,2
Pttg1,PTTG1,Daneman,lung_only,TRUE,FALSE,FALSE,1
Pura,PURA,Daneman,liver_only,TRUE,FALSE,FALSE,1
Pvrl2,PVRL2,Daneman,lung_only,FALSE,FALSE,FALSE,0
Pygb,PYGB,Daneman,lung_only,TRUE,FALSE,FALSE,1
Rab11fip1,RAB11FIP1,Munji,NA,TRUE,FALSE,FALSE,1
Rab11fip5,RAB11FIP5,Daneman,liver_only,TRUE,FALSE,FALSE,1
Rab12,RAB12,Daneman,lung_only,TRUE,FALSE,FALSE,1
Rab13,RAB13,Daneman,lung_only,TRUE,FALSE,FALSE,1
Rab24,RAB24,Daneman,lung_only,TRUE,FALSE,FALSE,1
Rab3il1,RAB3IL1,Daneman,lung_only,TRUE,FALSE,FALSE,1
Rad1,RAD1,Munji,NA,TRUE,FALSE,FALSE,1
Rad51ap1,RAD51AP1,Daneman,lung_only,TRUE,FALSE,FALSE,1
Rad54b,RAD54B,Both,liver_only,TRUE,FALSE,FALSE,1
Ralb,RALB,Daneman,lung_only,TRUE,FALSE,FALSE,1
Ralgds,RALGDS,Daneman,lung_only,TRUE,FALSE,FALSE,1
Ralgps2,RALGPS2,Daneman,lung_only,TRUE,FALSE,FALSE,1
Ranbp1,RANBP1,Daneman,lung_only,TRUE,FALSE,FALSE,1
Rap2c,RAP2C,Daneman,lung_only,TRUE,FALSE,FALSE,1
Rapgef3,RAPGEF3,Daneman,liver_only,TRUE,FALSE,FALSE,1
Raph1,RAPH1,Daneman,liver_and_lung,TRUE,FALSE,FALSE,1
Rarres2,RARRES2,Daneman,liver_and_lung,TRUE,FALSE,TRUE,2
Rasgrp4,RASGRP4,Munji,NA,FALSE,FALSE,FALSE,0
Rassf4,RASSF4,Daneman,liver_only,TRUE,FALSE,FALSE,1
Rassf8,RASSF8,Munji,NA,TRUE,FALSE,TRUE,2
Rb1,RB1,Daneman,liver_only,TRUE,FALSE,FALSE,1
Rbm20,RBM20,Munji,NA,TRUE,FALSE,FALSE,1
Rbp1,RBP1,Daneman,lung_only,TRUE,FALSE,FALSE,1
Rcan2,RCAN2,Munji,NA,TRUE,FALSE,TRUE,2
Rcc2,RCC2,Daneman,lung_only,TRUE,FALSE,FALSE,1
Rcn1,RCN1,Daneman,lung_only,TRUE,FALSE,FALSE,1
Rcn3,RCN3,Daneman,lung_only,TRUE,FALSE,FALSE,1
Rdx,RDX,Daneman,liver_only,TRUE,FALSE,FALSE,1
Reck,RECK,Both,liver_only,TRUE,FALSE,FALSE,1
Relb,RELB,Daneman,lung_only,TRUE,FALSE,FALSE,1
Rep15,REP15,Munji,NA,TRUE,FALSE,FALSE,1
Ret,RET,Munji,NA,FALSE,FALSE,FALSE,0
Rfk,RFK,Daneman,liver_only,TRUE,FALSE,FALSE,1
Rfxank,RFXANK,Munji,NA,TRUE,FALSE,FALSE,1
Rgs16,RGS16,Daneman,lung_only,TRUE,FALSE,TRUE,2
Rgs2,RGS2,Daneman,lung_only,TRUE,FALSE,FALSE,1
Rgs4,RGS4,Daneman,liver_and_lung,TRUE,FALSE,FALSE,1
Rhobtb1,RHOBTB1,Munji,NA,TRUE,FALSE,TRUE,2
Rhobtb3,RHOBTB3,Daneman,lung_only,TRUE,FALSE,TRUE,2
Rhoc,RHOC,Daneman,lung_only,TRUE,FALSE,FALSE,1
Rhoj,RHOJ,Daneman,lung_only,TRUE,FALSE,TRUE,2
Rhpn2,RHPN2,Daneman,liver_only,TRUE,FALSE,FALSE,1
Ribc1,RIBC1,Munji,NA,TRUE,FALSE,FALSE,1
Rnase4,RNASE4,Daneman,liver_only,TRUE,FALSE,FALSE,1
Rnf103,RNF103,Daneman,liver_only,TRUE,FALSE,FALSE,1
Rnf141,RNF141,Daneman,liver_only,TRUE,FALSE,FALSE,1
Rnf144b,RNF144B,Munji,NA,TRUE,TRUE,TRUE,3
Rnf168,RNF168,Munji,NA,TRUE,FALSE,FALSE,1
Rpl11,RPL11,Daneman,lung_only,TRUE,FALSE,FALSE,1
Rpl12,RPL12,Daneman,lung_only,TRUE,FALSE,FALSE,1
Rpl13a,RPL13A,Daneman,lung_only,TRUE,FALSE,TRUE,2
Rpl18,RPL18,Daneman,lung_only,TRUE,FALSE,FALSE,1
Rpl23,RPL23,Daneman,lung_only,TRUE,FALSE,TRUE,2
Rpl27,RPL27,Daneman,lung_only,TRUE,FALSE,FALSE,1
Rpl35,RPL35,Daneman,lung_only,TRUE,FALSE,FALSE,1
Rps17,RPS17,Daneman,lung_only,TRUE,FALSE,FALSE,1
Rps18,RPS18,Daneman,lung_only,TRUE,FALSE,FALSE,1
Rps26,RPS26,Daneman,lung_only,TRUE,FALSE,FALSE,1
Rps27l,RPS27L,Daneman,lung_only,TRUE,FALSE,FALSE,1
Rps3,RPS3,Daneman,lung_only,TRUE,FALSE,TRUE,2
Rps6ka2,RPS6KA2,Daneman,lung_only,TRUE,FALSE,TRUE,2
Rps6ka3,RPS6KA3,Daneman,lung_only,TRUE,FALSE,FALSE,1
Rps6ka5,RPS6KA5,Daneman,liver_only,TRUE,TRUE,TRUE,3
Rps7,RPS7,Daneman,lung_only,TRUE,FALSE,FALSE,1
Rps8,RPS8,Daneman,lung_only,TRUE,FALSE,FALSE,1
Rps9,RPS9,Daneman,lung_only,TRUE,FALSE,FALSE,1
Rras2,RRAS2,Daneman,lung_only,TRUE,FALSE,FALSE,1
Rrm2,RRM2,Daneman,lung_only,TRUE,FALSE,FALSE,1
Rrm2b,RRM2B,Daneman,liver_only,TRUE,FALSE,FALSE,1
Rrnad1,RRNAD1,Munji,NA,TRUE,FALSE,FALSE,1
Rsad2,RSAD2,Daneman,liver_only,TRUE,FALSE,TRUE,2
Rsbn1,RSBN1,Daneman,liver_only,TRUE,FALSE,FALSE,1
Rsc1a1,RSC1A1,Daneman,lung_only,FALSE,FALSE,FALSE,0
Rtn4,RTN4,Daneman,lung_only,TRUE,FALSE,TRUE,2
Rybp,RYBP,Daneman,liver_only,TRUE,FALSE,FALSE,1
S100a1,S100A1,Daneman,liver_only,TRUE,FALSE,FALSE,1
S100a10,S100A10,Daneman,liver_only,TRUE,FALSE,TRUE,2
Sacm1l,SACM1L,Daneman,liver_only,TRUE,FALSE,FALSE,1
Samd9l,SAMD9L,Daneman,liver_only,TRUE,FALSE,FALSE,1
Samhd1,SAMHD1,Daneman,liver_only,TRUE,FALSE,FALSE,1
Sap18,SAP18,Daneman,liver_only,TRUE,FALSE,FALSE,1
Sass6,SASS6,Munji,NA,TRUE,FALSE,FALSE,1
Sc5d,SC5D,Daneman,liver_only,TRUE,FALSE,FALSE,1
Sccpdh,SCCPDH,Daneman,lung_only,TRUE,FALSE,FALSE,1
Scfd2,SCFD2,Munji,NA,TRUE,FALSE,FALSE,1
Scgb3a1,SCGB3A1,Daneman,lung_only,TRUE,FALSE,FALSE,1
Schip1,SCHIP1,Daneman,lung_only,TRUE,FALSE,FALSE,1
Scn2b,SCN2B,Daneman,liver_and_lung,TRUE,FALSE,FALSE,1
Scn3b,SCN3B,Daneman,liver_only,TRUE,FALSE,FALSE,1
Scrn3,SCRN3,Munji,NA,TRUE,FALSE,FALSE,1
Scube2,SCUBE2,Daneman,liver_only,TRUE,FALSE,FALSE,1
Sdc2,SDC2,Daneman,liver_and_lung,TRUE,FALSE,TRUE,2
Sdcbp2,SDCBP2,Daneman,lung_only,TRUE,FALSE,FALSE,1
Sdf4,SDF4,Daneman,liver_only,TRUE,FALSE,FALSE,1
Sdhd,SDHD,Daneman,lung_only,TRUE,FALSE,FALSE,1
Sdpr,SDPR,Daneman,liver_only,FALSE,FALSE,FALSE,0
Sec63,SEC63,Daneman,lung_only,TRUE,FALSE,FALSE,1
Sema3c,SEMA3C,Daneman,liver_only,TRUE,FALSE,FALSE,1
Sema3g,SEMA3G,Daneman,liver_only,TRUE,FALSE,TRUE,2
Sema5a,SEMA5A,Daneman,liver_only,TRUE,FALSE,FALSE,1
Sema7a,SEMA7A,Both,liver_only,TRUE,FALSE,FALSE,1
Serbp1,SERBP1,Daneman,lung_only,TRUE,FALSE,FALSE,1
Serinc5,SERINC5,Munji,NA,TRUE,FALSE,TRUE,2
Serpina1b,SERPINA1,Daneman,liver_only,TRUE,FALSE,FALSE,1
Serpinb1a,SERPINB1,Daneman,liver_only,TRUE,FALSE,TRUE,2
Serpinb9,SERPINB9,Daneman,liver_only,TRUE,FALSE,FALSE,1
Serpine1,SERPINE1,Daneman,lung_only,TRUE,FALSE,FALSE,1
Serpinf1,SERPINF1,Daneman,lung_only,TRUE,FALSE,FALSE,1
Serping1,SERPING1,Daneman,liver_and_lung,TRUE,FALSE,FALSE,1
Serpinh1,SERPINH1,Daneman,lung_only,TRUE,FALSE,FALSE,1
Serpini1,SERPINI1,Daneman,liver_and_lung,TRUE,FALSE,FALSE,1
Sesn1,SESN1,Daneman,liver_only,TRUE,FALSE,FALSE,1
Sestd1,SESTD1,Munji,NA,TRUE,FALSE,FALSE,1
Sf3b4,SF3B4,Munji,NA,TRUE,FALSE,FALSE,1
Sfxn1,SFXN1,Daneman,lung_only,TRUE,FALSE,FALSE,1
Sgce,SGCE,Daneman,liver_and_lung,TRUE,FALSE,FALSE,1
D8Ertd82e,SGK223,Daneman,lung_only,FALSE,FALSE,FALSE,0
Sgms1,SGMS1,Munji,NA,TRUE,FALSE,TRUE,2
Sgms2,SGMS2,Munji,NA,TRUE,FALSE,FALSE,1
Sgpp1,SGPP1,Daneman,liver_only,TRUE,FALSE,FALSE,1
Sgpp2,SGPP2,Both,liver_only,TRUE,FALSE,TRUE,2
Sh3bp4,SH3BP4,Munji,NA,TRUE,FALSE,TRUE,2
Sh3bp5,SH3BP5,Daneman,lung_only,TRUE,FALSE,FALSE,1
Sh3kbp1,SH3KBP1,Daneman,lung_only,TRUE,FALSE,FALSE,1
Shroom1,SHROOM1,Munji,NA,TRUE,FALSE,TRUE,2
Siah1a,SIAH1,Daneman,liver_only,TRUE,FALSE,FALSE,1
Sin3b,SIN3B,Daneman,lung_only,TRUE,FALSE,FALSE,1
Sirt1,SIRT1,Daneman,liver_only,TRUE,FALSE,FALSE,1
Skap1,SKAP1,Munji,NA,TRUE,FALSE,FALSE,1
Ski,SKI,Daneman,liver_only,TRUE,FALSE,FALSE,1
Slc12a2,SLC12A2,Daneman,liver_and_lung,TRUE,TRUE,TRUE,3
Slc12a5,SLC12A5,Daneman,lung_only,TRUE,FALSE,FALSE,1
Slc12a6,SLC12A6,Daneman,liver_only,TRUE,FALSE,FALSE,1
Slc16a2,SLC16A2,Both,liver_only,TRUE,FALSE,FALSE,1
Slc16a4,SLC16A4,Munji,NA,TRUE,FALSE,FALSE,1
Slc16a6,SLC16A6,Munji,NA,TRUE,FALSE,FALSE,1
Slc19a1,SLC19A1,Daneman,liver_and_lung,TRUE,FALSE,FALSE,1
Slc19a3,SLC19A3,Both,liver_only,TRUE,FALSE,FALSE,1
Slc1a1,SLC1A1,Both,liver_only,TRUE,TRUE,TRUE,3
Slc1a4,SLC1A4,Daneman,lung_only,TRUE,FALSE,FALSE,1
Slc22a5,SLC22A5,Daneman,liver_only,TRUE,FALSE,FALSE,1
Slc22a8,SLC22A8,Munji,NA,TRUE,FALSE,FALSE,1
Slc25a10,SLC25A10,Daneman,lung_only,TRUE,FALSE,FALSE,1
Slc25a20,SLC25A20,Daneman,lung_only,TRUE,FALSE,FALSE,1
Slc25a24,SLC25A24,Daneman,liver_only,TRUE,FALSE,FALSE,1
Slc27a1,SLC27A1,Munji,NA,TRUE,FALSE,FALSE,1
Slc29a1,SLC29A1,Daneman,lung_only,TRUE,FALSE,FALSE,1
Slc2a1,SLC2A1,Munji,NA,TRUE,FALSE,TRUE,2
Slc30a1,SLC30A1,Munji,NA,TRUE,FALSE,TRUE,2
Slc30a10,SLC30A10,Daneman,liver_and_lung,TRUE,FALSE,FALSE,1
Slc31a1,SLC31A1,Daneman,lung_only,TRUE,FALSE,FALSE,1
Slc35d2,SLC35D2,Daneman,liver_only,TRUE,FALSE,FALSE,1
Slc35f2,SLC35F2,Munji,NA,TRUE,FALSE,FALSE,1
Slc36a1,SLC36A1,Munji,NA,TRUE,FALSE,FALSE,1
Slc38a1,SLC38A1,Daneman,lung_only,TRUE,FALSE,FALSE,1
Slc38a3,SLC38A3,Munji,NA,TRUE,FALSE,FALSE,1
Slc38a5,SLC38A5,Both,lung_only,TRUE,FALSE,TRUE,2
Slc39a10,SLC39A10,Munji,NA,TRUE,TRUE,TRUE,3
Slc39a8,SLC39A8,Daneman,lung_only,TRUE,FALSE,TRUE,2
Slc40a1,SLC40A1,Daneman,liver_only,TRUE,FALSE,FALSE,1
Slc41a1,SLC41A1,Daneman,lung_only,TRUE,FALSE,FALSE,1
Slc43a2,SLC43A2,Daneman,lung_only,TRUE,FALSE,FALSE,1
Slc43a3,SLC43A3,Daneman,lung_only,TRUE,FALSE,FALSE,1
Slc44a5,SLC44A5,Munji,NA,TRUE,FALSE,FALSE,1
Slc45a4,SLC45A4,Daneman,lung_only,TRUE,FALSE,FALSE,1
Slc4a1,SLC4A1,Munji,NA,TRUE,FALSE,FALSE,1
Slc52a2,SLC52A2,Munji,NA,TRUE,FALSE,FALSE,1
Slc52a3,SLC52A3,Munji,NA,TRUE,FALSE,FALSE,1
Slc5a6,SLC5A6,Munji,NA,TRUE,FALSE,FALSE,1
Slc6a13,SLC6A13,Munji,NA,TRUE,FALSE,FALSE,1
Slc6a6,SLC6A6,Munji,NA,TRUE,FALSE,FALSE,1
Slc7a1,SLC7A1,Munji,NA,TRUE,FALSE,TRUE,2
Slc7a11,SLC7A11,Munji,NA,TRUE,FALSE,FALSE,1
Slc7a3,SLC7A3,Munji,NA,FALSE,FALSE,FALSE,0
Slc7a5,SLC7A5,Munji,NA,TRUE,FALSE,TRUE,2
Slc7a7,SLC7A7,Daneman,lung_only,TRUE,FALSE,FALSE,1
Slc7a8,SLC7A8,Daneman,lung_only,TRUE,FALSE,FALSE,1
Slc9a2,SLC9A2,Munji,NA,TRUE,FALSE,FALSE,1
Slco1c1,SLCO1C1,Munji,NA,TRUE,FALSE,FALSE,1
Slco2a1,SLCO2A1,Daneman,lung_only,TRUE,FALSE,FALSE,1
Slco2b1,SLCO2B1,Munji,NA,TRUE,FALSE,TRUE,2
Slco3a1,SLCO3A1,Daneman,liver_and_lung,TRUE,FALSE,TRUE,2
Slfn5,SLFN5,Daneman,liver_only,TRUE,FALSE,TRUE,2
Smad1,SMAD1,Daneman,lung_only,TRUE,FALSE,FALSE,1
Smad3,SMAD3,Daneman,lung_only,TRUE,FALSE,FALSE,1
Smad6,SMAD6,Daneman,liver_only,TRUE,FALSE,TRUE,2
Smad7,SMAD7,Both,liver_only,TRUE,FALSE,FALSE,1
Smap1,SMAP1,Munji,NA,TRUE,FALSE,FALSE,1
Smarce1,SMARCE1,Daneman,lung_only,TRUE,FALSE,FALSE,1
Smox,SMOX,Both,lung_only,TRUE,FALSE,FALSE,1
Snca,SNCA,Daneman,lung_only,TRUE,FALSE,FALSE,1
Snrnp35,SNRNP35,Munji,NA,TRUE,FALSE,FALSE,1
Snrpa1,SNRPA1,Daneman,lung_only,TRUE,FALSE,FALSE,1
Snrpd3,SNRPD3,Daneman,lung_only,TRUE,FALSE,FALSE,1
Snrpf,SNRPF,Daneman,lung_only,TRUE,FALSE,FALSE,1
Snx13,SNX13,Daneman,liver_only,TRUE,FALSE,FALSE,1
Snx16,SNX16,Daneman,liver_only,TRUE,FALSE,FALSE,1
Snx4,SNX4,Daneman,lung_only,TRUE,FALSE,FALSE,1
Snx5,SNX5,Daneman,lung_only,TRUE,FALSE,FALSE,1
Socs1,SOCS1,Daneman,liver_only,TRUE,FALSE,FALSE,1
Socs4,SOCS4,Daneman,liver_only,TRUE,FALSE,FALSE,1
Socs5,SOCS5,Daneman,liver_only,TRUE,FALSE,FALSE,1
Sorbs1,SORBS1,Both,liver_only,TRUE,FALSE,FALSE,1
Sorbs2,SORBS2,Both,liver_only,TRUE,FALSE,TRUE,2
Sos1,SOS1,Munji,NA,TRUE,FALSE,TRUE,2
Sox11,SOX11,Daneman,lung_only,TRUE,FALSE,FALSE,1
Sox17,SOX17,Daneman,liver_only,TRUE,FALSE,TRUE,2
Sox18,SOX18,Daneman,liver_and_lung,TRUE,FALSE,TRUE,2
Sox4,SOX4,Daneman,lung_only,TRUE,FALSE,TRUE,2
Sox9,SOX9,Munji,NA,TRUE,FALSE,FALSE,1
Sparcl1,SPARCL1,Munji,NA,TRUE,FALSE,TRUE,2
Spata5l1,SPATA5L1,Munji,NA,TRUE,FALSE,FALSE,1
Spock2,SPOCK2,Munji,NA,TRUE,FALSE,TRUE,2
Spred2,SPRED2,Daneman,liver_only,TRUE,FALSE,TRUE,2
Spry4,SPRY4,Daneman,lung_only,TRUE,FALSE,FALSE,1
Spsb1,SPSB1,Daneman,lung_only,TRUE,FALSE,FALSE,1
Srf,SRF,Munji,NA,TRUE,FALSE,FALSE,1
Srgap2,SRGAP2,Munji,NA,TRUE,FALSE,TRUE,2
Srm,SRM,Daneman,lung_only,TRUE,FALSE,FALSE,1
Srp9,SRP9,Daneman,lung_only,TRUE,FALSE,FALSE,1
Srpk2,SRPK2,Daneman,liver_only,TRUE,FALSE,TRUE,2
Ssbp4,SSBP4,Munji,NA,TRUE,FALSE,FALSE,1
Ssr2,SSR2,Daneman,lung_only,TRUE,FALSE,FALSE,1
Ssr4,SSR4,Daneman,lung_only,TRUE,FALSE,FALSE,1
St3gal6,ST3GAL6,Munji,NA,TRUE,FALSE,FALSE,1
St6gal1,ST6GAL1,Daneman,liver_only,TRUE,FALSE,TRUE,2
St6galnac2,ST6GALNAC2,Both,liver_only,TRUE,FALSE,FALSE,1
St6galnac3,ST6GALNAC3,Daneman,liver_only,TRUE,FALSE,TRUE,2
St8sia4,ST8SIA4,Munji,NA,TRUE,FALSE,FALSE,1
Stab1,STAB1,Daneman,lung_only,TRUE,FALSE,FALSE,1
Stard10,STARD10,Daneman,liver_only,TRUE,FALSE,FALSE,1
Stard3,STARD3,Daneman,lung_only,TRUE,FALSE,FALSE,1
Stat1,STAT1,Daneman,liver_only,TRUE,FALSE,FALSE,1
Stat3,STAT3,Daneman,liver_only,TRUE,TRUE,FALSE,2
Steap3,STEAP3,Munji,NA,TRUE,FALSE,FALSE,1
Stk11ip,STK11IP,Munji,NA,TRUE,FALSE,FALSE,1
Stmn2,STMN2,Daneman,liver_only,FALSE,FALSE,FALSE,0
Stom,STOM,Daneman,liver_only,TRUE,FALSE,TRUE,2
Stra6,STRA6,Munji,NA,TRUE,FALSE,FALSE,1
Stx12,STX12,Daneman,liver_only,TRUE,FALSE,TRUE,2
Stx3,STX3,Daneman,liver_only,TRUE,FALSE,FALSE,1
Stx6,STX6,Daneman,lung_only,TRUE,FALSE,FALSE,1
Stxbp6,STXBP6,Daneman,liver_only,TRUE,TRUE,TRUE,3
Sugp2,SUGP2,Munji,NA,TRUE,FALSE,FALSE,1
Sulf2,SULF2,Daneman,liver_only,TRUE,TRUE,TRUE,3
Surf6,SURF6,Munji,NA,TRUE,FALSE,FALSE,1
Sycp3,SYCP3,Daneman,liver_only,TRUE,FALSE,FALSE,1
Syne1,SYNE1,Daneman,liver_only,TRUE,FALSE,TRUE,2
Synm,SYNM,Munji,NA,TRUE,FALSE,FALSE,1
Synpo2,SYNPO2,Munji,NA,TRUE,FALSE,TRUE,2
Syt7,SYT7,Both,liver_only,TRUE,FALSE,FALSE,1
Sytl1,SYTL1,Munji,NA,TRUE,FALSE,FALSE,1
Tacc2,TACC2,Daneman,liver_only,TRUE,FALSE,FALSE,1
Tacc3,TACC3,Munji,NA,TRUE,FALSE,FALSE,1
Tacr3,TACR3,Daneman,lung_only,FALSE,FALSE,FALSE,0
Tada2a,TADA2A,Munji,NA,TRUE,FALSE,FALSE,1
Tax1bp3,TAX1BP3,Daneman,lung_only,TRUE,FALSE,FALSE,1
Tbc1d14,TBC1D14,Munji,NA,TRUE,FALSE,FALSE,1
Tbc1d4,TBC1D4,Both,liver_only,TRUE,FALSE,TRUE,2
Tbrg4,TBRG4,Daneman,lung_only,TRUE,FALSE,FALSE,1
Tbx1,TBX1,Both,liver_only,TRUE,FALSE,FALSE,1
Tbx2,TBX2,Daneman,liver_and_lung,TRUE,FALSE,TRUE,2
Tbx3,TBX3,Daneman,liver_only,TRUE,FALSE,FALSE,1
Tceal8,TCEAL8,Daneman,lung_only,TRUE,FALSE,FALSE,1
Tcf19,TCF19,Daneman,lung_only,TRUE,FALSE,FALSE,1
Tcf23,TCF23,Daneman,liver_only,TRUE,FALSE,FALSE,1
Tchp,TCHP,Munji,NA,TRUE,FALSE,FALSE,1
Tdg,TDG,Daneman,lung_only,TRUE,FALSE,FALSE,1
Tecrl,TECRL,Munji,NA,FALSE,FALSE,FALSE,0
Tenc1,TENC1,Daneman,liver_and_lung,FALSE,FALSE,FALSE,0
Tes,TES,Daneman,lung_only,TRUE,FALSE,FALSE,1
Trf,TF,Daneman,lung_only,TRUE,FALSE,FALSE,1
Tfdp1,TFDP1,Daneman,lung_only,TRUE,FALSE,FALSE,1
Tfpi,TFPI,Daneman,lung_only,TRUE,FALSE,TRUE,2
Tfpi2,TFPI2,Daneman,lung_only,TRUE,FALSE,FALSE,1
Tfrc,TFRC,Munji,NA,TRUE,FALSE,TRUE,2
Tgfa,TGFA,Munji,NA,TRUE,FALSE,FALSE,1
Tgfb2,TGFB2,Munji,NA,TRUE,FALSE,FALSE,1
Tgfbi,TGFBI,Daneman,liver_and_lung,TRUE,FALSE,TRUE,2
Tgfbr3,TGFBR3,Daneman,liver_only,TRUE,FALSE,TRUE,2
Tgif2,TGIF2,Daneman,lung_only,TRUE,FALSE,FALSE,1
Tgm2,TGM2,Daneman,liver_only,TRUE,TRUE,TRUE,3
Thbd,THBD,Daneman,liver_only,TRUE,FALSE,TRUE,2
Thra,THRA,Munji,NA,TRUE,FALSE,FALSE,1
Thrsp,THRSP,Daneman,liver_only,FALSE,FALSE,FALSE,0
Thsd1,THSD1,Munji,NA,TRUE,FALSE,FALSE,1
Tiam1,TIAM1,Munji,NA,TRUE,FALSE,FALSE,1
Tie1,TIE1,Daneman,lung_only,TRUE,FALSE,TRUE,2
Timm13,TIMM13,Daneman,lung_only,TRUE,FALSE,FALSE,1
Timm22,TIMM22,Daneman,lung_only,TRUE,FALSE,FALSE,1
Timp3,TIMP3,Daneman,liver_only,TRUE,TRUE,TRUE,3
Tiprl,TIPRL,Daneman,lung_only,TRUE,FALSE,FALSE,1
Tkt,TKT,Daneman,lung_only,TRUE,FALSE,FALSE,1
Tm4sf1,TM4SF1,Daneman,liver_only,TRUE,TRUE,TRUE,3
Tm7sf3,TM7SF3,Daneman,liver_only,TRUE,FALSE,FALSE,1
Tmc7,TMC7,Munji,NA,TRUE,FALSE,FALSE,1
Tmcc2,TMCC2,Daneman,liver_only,TRUE,FALSE,FALSE,1
Tmcc3,TMCC3,Daneman,liver_only,TRUE,FALSE,TRUE,2
Tmeff1,TMEFF1,Both,liver_only,TRUE,FALSE,FALSE,1
Tmem123,TMEM123,Munji,NA,TRUE,FALSE,TRUE,2
Tmem14c,TMEM14C,Daneman,lung_only,TRUE,FALSE,FALSE,1
Tmem184a,TMEM184A,Munji,NA,TRUE,FALSE,FALSE,1
Tmem2,TMEM2,Daneman,lung_only,TRUE,FALSE,FALSE,1
Tmem30a,TMEM30A,Daneman,liver_only,TRUE,FALSE,FALSE,1
Tmem37,TMEM37,Daneman,lung_only,TRUE,FALSE,FALSE,1
Tmem44,TMEM44,Daneman,lung_only,TRUE,FALSE,TRUE,2
Tmem8,TMEM8A,Munji,NA,TRUE,FALSE,FALSE,1
Tmub1,TMUB1,Munji,NA,TRUE,FALSE,FALSE,1
Tnf,TNF,Daneman,lung_only,TRUE,FALSE,FALSE,1
Tnfaip1,TNFAIP1,Daneman,lung_only,TRUE,FALSE,FALSE,1
Tnfaip2,TNFAIP2,Daneman,lung_only,TRUE,FALSE,FALSE,1
Tnfaip8l1,TNFAIP8L1,Daneman,lung_only,TRUE,FALSE,FALSE,1
Tnfrsf19,TNFRSF19,Munji,NA,TRUE,FALSE,FALSE,1
Tnfrsf21,TNFRSF21,Daneman,liver_and_lung,TRUE,FALSE,FALSE,1
Tnfsf10,TNFSF10,Daneman,liver_only,TRUE,FALSE,TRUE,2
Tnrc6c,TNRC6C,Daneman,liver_only,TRUE,FALSE,FALSE,1
Tns1,TNS1,Daneman,liver_only,TRUE,FALSE,FALSE,1
Tns3,TNS3,Daneman,liver_and_lung,TRUE,FALSE,FALSE,1
Tob1,TOB1,Both,liver_only,TRUE,FALSE,FALSE,1
Tomm20,TOMM20,Daneman,lung_only,TRUE,FALSE,FALSE,1
Top1mt,TOP1MT,Munji,NA,TRUE,FALSE,FALSE,1
Top2a,TOP2A,Daneman,lung_only,TRUE,FALSE,FALSE,1
Tor3a,TOR3A,Daneman,liver_only,TRUE,FALSE,FALSE,1
Trp53i11,TP53I11,Daneman,lung_only,TRUE,FALSE,FALSE,1
Trp53inp1,TP53INP1,Daneman,liver_only,TRUE,FALSE,FALSE,1
Tpcn1,TPCN1,Daneman,lung_only,TRUE,FALSE,FALSE,1
Tpd52,TPD52,Both,liver_only,TRUE,FALSE,FALSE,1
Tprn,TPRN,Munji,NA,TRUE,FALSE,FALSE,1
Trappc1,TRAPPC1,Daneman,lung_only,TRUE,FALSE,FALSE,1
Trim47,TRIM47,Daneman,liver_only,TRUE,FALSE,FALSE,1
Trim6,TRIM6,Munji,NA,TRUE,FALSE,FALSE,1
Trip6,TRIP6,Daneman,lung_only,TRUE,FALSE,FALSE,1
Trpc1,TRPC1,Daneman,liver_and_lung,TRUE,FALSE,FALSE,1
Trpm6,TRPM6,Munji,NA,TRUE,FALSE,TRUE,2
Trrap,TRRAP,Daneman,liver_and_lung,TRUE,FALSE,FALSE,1
Tsc22d1,TSC22D1,Munji,NA,TRUE,FALSE,TRUE,2
Tsc22d3,TSC22D3,Daneman,liver_only,TRUE,FALSE,TRUE,2
Tsc22d4,TSC22D4,Daneman,lung_only,TRUE,FALSE,FALSE,1
Tspan18,TSPAN18,Daneman,lung_only,TRUE,FALSE,FALSE,1
Tspan2,TSPAN2,Daneman,lung_only,TRUE,FALSE,FALSE,1
Tspan4,TSPAN4,Daneman,lung_only,TRUE,FALSE,FALSE,1
Tspan5,TSPAN5,Munji,NA,TRUE,FALSE,TRUE,2
Tspan6,TSPAN6,Daneman,lung_only,TRUE,FALSE,FALSE,1
Tspan7,TSPAN7,Daneman,lung_only,TRUE,FALSE,FALSE,1
Tspyl1,TSPYL1,Daneman,liver_only,TRUE,FALSE,FALSE,1
Tspyl4,TSPYL4,Daneman,liver_only,TRUE,FALSE,FALSE,1
Tsta3,TSTA3,Daneman,lung_only,TRUE,FALSE,FALSE,1
Ttll7,TTLL7,Munji,NA,TRUE,FALSE,TRUE,2
Ttyh2,TTYH2,Munji,NA,TRUE,FALSE,FALSE,1
Ttyh3,TTYH3,Daneman,lung_only,TRUE,FALSE,FALSE,1
Tubb5,TUBB,Daneman,lung_only,TRUE,FALSE,FALSE,1
Tubb6,TUBB6,Daneman,lung_only,TRUE,FALSE,FALSE,1
Txnip,TXNIP,Daneman,liver_only,TRUE,FALSE,TRUE,2
Txnl1,TXNL1,Daneman,lung_only,TRUE,FALSE,FALSE,1
Tymp,TYMP,Munji,NA,TRUE,FALSE,FALSE,1
Uap1,UAP1,Daneman,liver_only,TRUE,FALSE,FALSE,1
Ube2a,UBE2A,Daneman,lung_only,TRUE,FALSE,FALSE,1
Ube2b,UBE2B,Daneman,liver_only,TRUE,FALSE,FALSE,1
Ube2d3,UBE2D3,Daneman,lung_only,TRUE,FALSE,FALSE,1
Ube2e2,UBE2E2,Daneman,lung_only,TRUE,TRUE,TRUE,3
Ube2i,UBE2I,Daneman,lung_only,TRUE,FALSE,FALSE,1
Ube2l3,UBE2L3,Daneman,lung_only,TRUE,FALSE,FALSE,1
Ube2m,UBE2M,Daneman,lung_only,TRUE,FALSE,FALSE,1
Ube2n,UBE2N,Daneman,liver_only,TRUE,FALSE,FALSE,1
Ube3b,UBE3B,Daneman,liver_and_lung,TRUE,FALSE,FALSE,1
Ube4b,UBE4B,Daneman,lung_only,TRUE,FALSE,FALSE,1
Ubl3,UBL3,Daneman,liver_only,TRUE,FALSE,FALSE,1
Ubl4,UBL4A,Daneman,liver_only,TRUE,FALSE,FALSE,1
Ubtd1,UBTD1,Daneman,lung_only,TRUE,FALSE,FALSE,1
Uchl1,UCHL1,Daneman,liver_and_lung,TRUE,FALSE,FALSE,1
Ucp2,UCP2,Daneman,liver_only,TRUE,FALSE,FALSE,1
Ufc1,UFC1,Daneman,lung_only,TRUE,FALSE,FALSE,1
Uhrf1bp1,UHRF1BP1,Munji,NA,TRUE,FALSE,FALSE,1
Unc13b,UNC13B,Daneman,liver_only,TRUE,FALSE,TRUE,2
Unc13c,UNC13C,Munji,NA,TRUE,FALSE,TRUE,2
Uqcrc1,UQCRC1,Daneman,lung_only,TRUE,FALSE,FALSE,1
Uqcrh,UQCRHL,Daneman,lung_only,TRUE,FALSE,FALSE,1
Urod,UROD,Daneman,lung_only,TRUE,FALSE,FALSE,1
Usp18,USP18,Daneman,liver_only,TRUE,FALSE,FALSE,1
Usp3,USP3,Daneman,lung_only,TRUE,FALSE,FALSE,1
Usp33,USP33,Munji,NA,TRUE,FALSE,FALSE,1
Usp42,USP42,Munji,NA,TRUE,FALSE,FALSE,1
Usp53,USP53,Munji,NA,TRUE,FALSE,TRUE,2
Usp54,USP54,Both,liver_only,TRUE,FALSE,TRUE,2
Utp14b,UTP14C,Munji,NA,TRUE,FALSE,FALSE,1
Utrn,UTRN,Both,liver_only,TRUE,FALSE,TRUE,2
Vamp4,VAMP4,Daneman,liver_only,TRUE,FALSE,FALSE,1
Vangl2,VANGL2,Munji,NA,TRUE,FALSE,FALSE,1
Vasp,VASP,Daneman,lung_only,TRUE,FALSE,FALSE,1
Vav3,VAV3,Daneman,lung_only,TRUE,FALSE,FALSE,1
Vcam1,VCAM1,Daneman,liver_only,TRUE,FALSE,TRUE,2
Vcp,VCP,Daneman,lung_only,TRUE,FALSE,FALSE,1
Vdac1,VDAC1,Daneman,lung_only,TRUE,FALSE,FALSE,1
Vil1,VIL1,Munji,NA,TRUE,FALSE,FALSE,1
Vps36,VPS36,Daneman,liver_only,TRUE,FALSE,FALSE,1
Vps41,VPS41,Daneman,liver_only,TRUE,FALSE,FALSE,1
Vstm2b,VSTM2B,Munji,NA,FALSE,FALSE,FALSE,0
Vtn,VTN,Daneman,liver_and_lung,TRUE,FALSE,FALSE,1
Vwa1,VWA1,Munji,NA,TRUE,FALSE,FALSE,1
Wasf3,WASF3,Munji,NA,TRUE,FALSE,FALSE,1
Wdr1,WDR1,Daneman,lung_only,TRUE,FALSE,TRUE,2
Wdr26,WDR26,Daneman,lung_only,TRUE,FALSE,FALSE,1
Wdr6,WDR6,Daneman,lung_only,TRUE,FALSE,FALSE,1
Wdr83,WDR83,Munji,NA,TRUE,FALSE,FALSE,1
Wfdc1,WFDC1,Daneman,liver_only,TRUE,FALSE,FALSE,1
Wnk1,WNK1,Daneman,liver_only,TRUE,FALSE,FALSE,1
Wnk2,WNK2,Munji,NA,TRUE,FALSE,FALSE,1
Wnt5a,WNT5A,Munji,NA,TRUE,FALSE,FALSE,1
Wsb2,WSB2,Daneman,lung_only,TRUE,FALSE,FALSE,1
Wwtr1,WWTR1,Daneman,lung_only,TRUE,FALSE,TRUE,2
Xdh,XDH,Daneman,liver_only,FALSE,FALSE,FALSE,0
Ywhab,YWHAB,Daneman,liver_and_lung,TRUE,FALSE,FALSE,1
Zbtb20,ZBTB20,Daneman,liver_only,TRUE,FALSE,TRUE,2
Zbtb34,ZBTB34,Daneman,lung_only,TRUE,FALSE,FALSE,1
Zbtb4,ZBTB4,Daneman,liver_only,TRUE,FALSE,FALSE,1
Zbtb41,ZBTB41,Daneman,liver_only,TRUE,FALSE,FALSE,1
Zbtb45,ZBTB45,Munji,NA,TRUE,FALSE,FALSE,1
Zc3h4,ZC3H4,Munji,NA,TRUE,FALSE,FALSE,1
Zcchc2,ZCCHC2,Daneman,liver_only,TRUE,FALSE,FALSE,1
Zcchc6,ZCCHC6,Daneman,liver_only,TRUE,FALSE,FALSE,1
Zdhhc14,ZDHHC14,Daneman,liver_only,TRUE,FALSE,FALSE,1
Zfp3,ZFP3,Munji,NA,TRUE,FALSE,FALSE,1
Zfp37,ZFP37,Daneman,liver_only,TRUE,FALSE,FALSE,1
Zfp69,ZFP69,Daneman,lung_only,TRUE,FALSE,FALSE,1
Zhx3,ZHX3,Daneman,liver_only,TRUE,FALSE,TRUE,2
Zic1,ZIC1,Daneman,liver_and_lung,TRUE,FALSE,TRUE,2
Zic2,ZIC2,Munji,NA,TRUE,FALSE,FALSE,1
Zic3,ZIC3,Munji,NA,TRUE,FALSE,FALSE,1
Zic5,ZIC5,Both,liver_only,TRUE,FALSE,FALSE,1
Zmynd19,ZMYND19,Munji,NA,TRUE,FALSE,FALSE,1
Zfp219,ZNF219,Munji,NA,TRUE,FALSE,FALSE,1
Zfp647,ZNF250,Munji,NA,TRUE,FALSE,FALSE,1
Zfp110,ZNF274,Daneman,liver_only,TRUE,FALSE,FALSE,1
Zfp366,ZNF366,Munji,NA,TRUE,FALSE,TRUE,2
Zfp383,ZNF383,Daneman,liver_only,TRUE,FALSE,FALSE,1
Zfp423,ZNF423,Munji,NA,TRUE,FALSE,FALSE,1
Zfp521,ZNF521,Daneman,lung_only,TRUE,FALSE,TRUE,2
Zfp668,ZNF668,Munji,NA,TRUE,FALSE,FALSE,1
Zfp707,ZNF707,Munji,NA,TRUE,FALSE,FALSE,1
Zfp865,ZNF865,Munji,NA,TRUE,FALSE,FALSE,1
Znrf3,ZNRF3,Munji,NA,TRUE,FALSE,FALSE,1
Zswim1,ZSWIM1,Munji,NA,TRUE,FALSE,FALSE,1
Zwint,ZWINT,Daneman,lung_only,TRUE,FALSE,FALSE,1
Zyx,ZYX,Daneman,lung_only,TRUE,FALSE,FALSE,1
